row_index,confidence,Mfg_Part_Num,Part_Desc,BRAND_NAME,MANUFACTURER_NAME,Classpath,SHORT_DESC,INVOICE_DESC,invoice_chars,MOBILE_DESC,mobile_chars,review_reasons
995,0.281,10045.201,"10045.201 Oliver 13"" Benchtop Planer 2HP,115V 1Ph",,,,"10045.201 Planer HP Ph, 13 in Width",PLANER HP PH 13IN 2HP 115V,26,"Planer HP Ph, 10045.201, 13 in Width, 2 HP, 115 V",49,"BRAND_NAME is empty | MANUFACTURER_NAME is empty | Classpath is empty | MOBILE_DESC is 49 chars, outside the 60-80 window | no taxonomy match, so the attribute contract and all five descriptions fall back to the generic template | brand unresolved: every brand column held a placeholder and no alias was found in the description"
996,0.281,10014.201,"10014.201 Oliver 15"" Planer 3HP 1Ph 220V",,,,"10014.201 Planer HP Ph, 15 in Width",PLANER HP PH 15IN 3HP 220V,26,"Planer HP Ph, 10014.201, 15 in Width, 3 HP, 220 V",49,"BRAND_NAME is empty | MANUFACTURER_NAME is empty | Classpath is empty | MOBILE_DESC is 49 chars, outside the 60-80 window | no taxonomy match, so the attribute contract and all five descriptions fall back to the generic template | brand unresolved: every brand column held a placeholder and no alias was found in the description"
997,0.281,4430.201,"4430.201 Oliver 20"" Planer 5HP 1Ph 230V",,,,"4430.201 Planer HP Ph, 20 in Width",PLANER HP PH 20IN 5HP 230V,26,"Planer HP Ph, 4430.201, 20 in Width, 5 HP, 230 V",48,"BRAND_NAME is empty | MANUFACTURER_NAME is empty | Classpath is empty | MOBILE_DESC is 48 chars, outside the 60-80 window | no taxonomy match, so the attribute contract and all five descriptions fall back to the generic template | brand unresolved: every brand column held a placeholder and no alias was found in the description"
998,0.281,10055.201,"10055.201 Oliver 15"" Benchtop Planer 2.5HP 1Ph 230V",,,,"10055.201 Planer HP Ph, 15 in Width",PLANER HP PH 15IN 2.5HP 230V,28,"Planer HP Ph, 10055.201, 15 in Width, 2.5 HP, 230 V",51,"BRAND_NAME is empty | MANUFACTURER_NAME is empty | Classpath is empty | MOBILE_DESC is 51 chars, outside the 60-80 window | no taxonomy match, so the attribute contract and all five descriptions fall back to the generic template | brand unresolved: every brand column held a placeholder and no alias was found in the description"
763,0.281,35494,35494 Mason Line Brd Blk/Yellw - 500' Replacement,,,,"35494 Black Yellw Replacement, Black, 500 ft Length",BLK YELLW REPL BLK 500FT,24,"Black Yellw Replacement, 35494, Black, 500 ft Length",52,"BRAND_NAME is empty | MANUFACTURER_NAME is empty | Classpath is empty | MOBILE_DESC is 52 chars, outside the 60-80 window | no taxonomy match, so the attribute contract and all five descriptions fall back to the generic template | brand unresolved: every brand column held a placeholder and no alias was found in the description"
746,0.281,BC-12300,"BC-12300 BigCal 12""/300mm",,,,"BC-12300 BigCal Mm, 12 in Width, 300 mm Length",BIGCAL MM 12IN 300MM,20,"BigCal Mm, BC-12300, 12 in Width, 300 mm Length",47,"BRAND_NAME is empty | MANUFACTURER_NAME is empty | Classpath is empty | MOBILE_DESC is 47 chars, outside the 60-80 window | no taxonomy match, so the attribute contract and all five descriptions fall back to the generic template | brand unresolved: every brand column held a placeholder and no alias was found in the description"
747,0.281,BC-24600,"BC-24600 BigCal 24""/600mm",,,,"BC-24600 BigCal Mm, 24 in Width, 600 mm Length",BIGCAL MM 24IN 600MM,20,"BigCal Mm, BC-24600, 24 in Width, 600 mm Length",47,"BRAND_NAME is empty | MANUFACTURER_NAME is empty | Classpath is empty | MOBILE_DESC is 47 chars, outside the 60-80 window | no taxonomy match, so the attribute contract and all five descriptions fall back to the generic template | brand unresolved: every brand column held a placeholder and no alias was found in the description"
988,0.281,10047VS,10047VS Oliver 3HP 230V 1PH Shaper 1-1/4 Spindle,,,,10047VS PH Shaper Spindle,PH SHAPER SPINDLE 3HP 230V,26,"PH Shaper Spindle, 10047VS, 3 HP, 230 V",39,"BRAND_NAME is empty | MANUFACTURER_NAME is empty | Classpath is empty | MOBILE_DESC is 39 chars, outside the 60-80 window | no taxonomy match, so the attribute contract and all five descriptions fall back to the generic template | brand unresolved: every brand column held a placeholder and no alias was found in the description"
584,0.282,73020,73020 Nano Clip Light Bk,,,,"73020 Clip Light Black, Black",CLIP LIGHT BLK BLK,18,"Clip Light Black, 73020, Black",30,"BRAND_NAME is empty | MANUFACTURER_NAME is empty | Classpath is empty | MOBILE_DESC is 30 chars, outside the 60-80 window | no taxonomy match, so the attribute contract and all five descriptions fall back to the generic template | brand unresolved: every brand column held a placeholder and no alias was found in the description"
621,0.282,XOU24WDZGBR,XOU24WDZGBR Beverage Center Bk,,,,"XOU24WDZGBR Beverage Center Black, Black",BEVERAGE CENTER BLK BLK,23,"Beverage Center Black, XOU24WDZGBR, Black",41,"BRAND_NAME is empty | MANUFACTURER_NAME is empty | Classpath is empty | MOBILE_DESC is 41 chars, outside the 60-80 window | no taxonomy match, so the attribute contract and all five descriptions fall back to the generic template | brand unresolved: every brand column held a placeholder and no alias was found in the description"
628,0.282,C7CEBBS4RW3,C7CEBBS4RW3 Café Auto Espresso Machine Wh,,,,"C7CEBBS4RW3 Espresso Machine White, White",ESPRESSO MACHINE WHT WHT,24,"Espresso Machine White, C7CEBBS4RW3, White",42,"BRAND_NAME is empty | MANUFACTURER_NAME is empty | Classpath is empty | MOBILE_DESC is 42 chars, outside the 60-80 window | no taxonomy match, so the attribute contract and all five descriptions fall back to the generic template | brand unresolved: every brand column held a placeholder and no alias was found in the description"
629,0.282,C7CESAS2RS3,C7CESAS2RS3 Café Espresso SS,,,,"C7CESAS2RS3 Caf Espresso Stainless Steel, Stainless Steel",CAF ESPRESSO SST SST,20,"Caf Espresso Stainless Steel, C7CESAS2RS3, Stainless Steel",58,"BRAND_NAME is empty | MANUFACTURER_NAME is empty | Classpath is empty | MOBILE_DESC is 58 chars, outside the 60-80 window | no taxonomy match, so the attribute contract and all five descriptions fall back to the generic template | brand unresolved: every brand column held a placeholder and no alias was found in the description"
631,0.282,C7CESAS4RW3,C7CESAS4RW3 Cafe Espresso Wh,,,,"C7CESAS4RW3 Cafe Espresso White, White",CAFE ESPRESSO WHT WHT,21,"Cafe Espresso White, C7CESAS4RW3, White",39,"BRAND_NAME is empty | MANUFACTURER_NAME is empty | Classpath is empty | MOBILE_DESC is 39 chars, outside the 60-80 window | no taxonomy match, so the attribute contract and all five descriptions fall back to the generic template | brand unresolved: every brand column held a placeholder and no alias was found in the description"
651,0.282,WMMS3330RZ,WMMS3330RZ OTR Mocrowave SS - Display Only,,,,"WMMS3330RZ OTR Mocrowave Stainless Steel, Stainless Steel",OTR MOCROWAVE SST SST,21,"OTR Mocrowave Stainless Steel, WMMS3330RZ, Stainless Steel",58,"BRAND_NAME is empty | MANUFACTURER_NAME is empty | Classpath is empty | MOBILE_DESC is 58 chars, outside the 60-80 window | no taxonomy match, so the attribute contract and all five descriptions fall back to the generic template | brand unresolved: every brand column held a placeholder and no alias was found in the description"
656,0.282,C90AAAS2RS3,C90AAAS2RS3 Cafe Toast Oven SS,,,,"C90AAAS2RS3 Toast Oven Stainless Steel, Stainless Steel",TOAST OVEN SST SST,18,"Toast Oven Stainless Steel, C90AAAS2RS3, Stainless Steel",56,"BRAND_NAME is empty | MANUFACTURER_NAME is empty | Classpath is empty | MOBILE_DESC is 56 chars, outside the 60-80 window | no taxonomy match, so the attribute contract and all five descriptions fall back to the generic template | brand unresolved: every brand column held a placeholder and no alias was found in the description"
657,0.282,C9TMA2SP2PS3,C9TMA2S2PS3 Cafe Toaster SS,,,,"C9TMA2SP2PS3 Cafe Toaster Stainless Steel, Stainless Steel",CAFE TOASTER SST SST,20,"Cafe Toaster Stainless Steel, C9TMA2SP2PS3, Stainless Steel",59,"BRAND_NAME is empty | MANUFACTURER_NAME is empty | Classpath is empty | MOBILE_DESC is 59 chars, outside the 60-80 window | no taxonomy match, so the attribute contract and all five descriptions fall back to the generic template | brand unresolved: every brand column held a placeholder and no alias was found in the description"
7,0.282,5B-332-080,"5B-332-080 HIOLIT 5"" P80",,,,"5B-332-080 HIOLIT, 5 in Width",HIOLIT 5IN,10,"HIOLIT, 5B-332-080, 5 in Width",30,"BRAND_NAME is empty | MANUFACTURER_NAME is empty | Classpath is empty | MOBILE_DESC is 30 chars, outside the 60-80 window | no taxonomy match, so the attribute contract and all five descriptions fall back to the generic template | brand unresolved: every brand column held a placeholder and no alias was found in the description"
8,0.282,5B-332-120,"5B-332-120 HIOLIT 5"" P120",,,,"5B-332-120 HIOLIT, 5 in Width",HIOLIT 5IN,10,"HIOLIT, 5B-332-120, 5 in Width",30,"BRAND_NAME is empty | MANUFACTURER_NAME is empty | Classpath is empty | MOBILE_DESC is 30 chars, outside the 60-80 window | no taxonomy match, so the attribute contract and all five descriptions fall back to the generic template | brand unresolved: every brand column held a placeholder and no alias was found in the description"
589,0.282,HOM2040M200PRB,HOM2040M200PRB 200A Load Cntr,,,,HOM2040M200PRB Load Cntr,LOAD CNTR 200A,14,"Load Cntr, HOM2040M200PRB, 200 A",32,"BRAND_NAME is empty | MANUFACTURER_NAME is empty | Classpath is empty | MOBILE_DESC is 32 chars, outside the 60-80 window | no taxonomy match, so the attribute contract and all five descriptions fall back to the generic template | brand unresolved: every brand column held a placeholder and no alias was found in the description"
600,0.282,CG50K,"CG50K 1/2"" Cord Grip Kit",,,,"CG50K Cord Grip, 1/2 in Width",CORD GRIP 1/2IN,15,"Cord Grip, CG50K, 1/2 in Width",30,"BRAND_NAME is empty | MANUFACTURER_NAME is empty | Classpath is empty | MOBILE_DESC is 30 chars, outside the 60-80 window | no taxonomy match, so the attribute contract and all five descriptions fall back to the generic template | brand unresolved: every brand column held a placeholder and no alias was found in the description"
673,0.282,603150,"603150 2-1/2"" Finish Nail 15GA - 4M",,,,"603150 Finish Nail GA, 2-1/2 in Width",FINISH NAIL GA 2-1/2IN,22,"Finish Nail GA, 603150, 2-1/2 in Width",38,"BRAND_NAME is empty | MANUFACTURER_NAME is empty | Classpath is empty | MOBILE_DESC is 38 chars, outside the 60-80 window | no taxonomy match, so the attribute contract and all five descriptions fall back to the generic template | brand unresolved: every brand column held a placeholder and no alias was found in the description"
767,0.282,37300952,"095842 Fisch Plug Cutter 3/8""",,,,"37300952 Fisch Plug Cutter, 3/8 in Width",FISCH PLUG CUTTER 3/8IN,23,"Fisch Plug Cutter, 37300952, 3/8 in Width",41,"BRAND_NAME is empty | MANUFACTURER_NAME is empty | Classpath is empty | MOBILE_DESC is 41 chars, outside the 60-80 window | no taxonomy match, so the attribute contract and all five descriptions fall back to the generic template | brand unresolved: every brand column held a placeholder and no alias was found in the description"
774,0.282,25762,25762 Mason Line Brd Pink - 1000',,,,"25762 Line Brd Pink, 1000 ft Length",LINE BRD PINK 1000FT,20,"Line Brd Pink, 25762, 1000 ft Length",36,"BRAND_NAME is empty | MANUFACTURER_NAME is empty | Classpath is empty | MOBILE_DESC is 36 chars, outside the 60-80 window | no taxonomy match, so the attribute contract and all five descriptions fall back to the generic template | brand unresolved: every brand column held a placeholder and no alias was found in the description"
888,0.282,924422,924422 Mafell Carpentry - Planing Machine ZH 320 Ec 120V,,,,924422 Machine ZH Ec,MACHINE ZH EC 120V,18,"Machine ZH Ec, 924422, 120 V",28,"BRAND_NAME is empty | MANUFACTURER_NAME is empty | Classpath is empty | MOBILE_DESC is 28 chars, outside the 60-80 window | no taxonomy match, so the attribute contract and all five descriptions fall back to the generic template | brand unresolved: every brand column held a placeholder and no alias was found in the description"
949,0.282,XT524,"XT524 24"" XT XTENDER Fence",,,,"XT524 XT XTENDER Fence, 24 in Width",XT XTENDER FENCE 24IN,21,"XT XTENDER Fence, XT524, 24 in Width",36,"BRAND_NAME is empty | MANUFACTURER_NAME is empty | Classpath is empty | MOBILE_DESC is 36 chars, outside the 60-80 window | no taxonomy match, so the attribute contract and all five descriptions fall back to the generic template | brand unresolved: every brand column held a placeholder and no alias was found in the description"
950,0.282,XT536,"XT536 36"" XT XTENDER Fence",,,,"XT536 XT XTENDER Fence, 36 in Width",XT XTENDER FENCE 36IN,21,"XT XTENDER Fence, XT536, 36 in Width",36,"BRAND_NAME is empty | MANUFACTURER_NAME is empty | Classpath is empty | MOBILE_DESC is 36 chars, outside the 60-80 window | no taxonomy match, so the attribute contract and all five descriptions fall back to the generic template | brand unresolved: every brand column held a placeholder and no alias was found in the description"
951,0.282,XT546,"XT546 46"" XT XTENDER Fence",,,,"XT546 XT XTENDER Fence, 46 in Width",XT XTENDER FENCE 46IN,21,"XT XTENDER Fence, XT546, 46 in Width",36,"BRAND_NAME is empty | MANUFACTURER_NAME is empty | Classpath is empty | MOBILE_DESC is 36 chars, outside the 60-80 window | no taxonomy match, so the attribute contract and all five descriptions fall back to the generic template | brand unresolved: every brand column held a placeholder and no alias was found in the description"
952,0.282,XTP235,"35"" XTP XTENDER PRO Fence - XTP235",,,,"XTP235 PRO Fence XTP, 35 in Width",PRO FENCE XTP 35IN,18,"PRO Fence XTP, XTP235, 35 in Width",34,"BRAND_NAME is empty | MANUFACTURER_NAME is empty | Classpath is empty | MOBILE_DESC is 34 chars, outside the 60-80 window | no taxonomy match, so the attribute contract and all five descriptions fall back to the generic template | brand unresolved: every brand column held a placeholder and no alias was found in the description"
957,0.282,TGI2-T36A,"TGI2-T36A 36"" Table Assembly Industrial",,,,"TGI2-T36A Table Assembly Industrial, 36 in Width",TABLE ASY IND 36IN,18,"Table Assembly Industrial, TGI2-T36A, 36 in Width",49,"BRAND_NAME is empty | MANUFACTURER_NAME is empty | Classpath is empty | MOBILE_DESC is 49 chars, outside the 60-80 window | no taxonomy match, so the attribute contract and all five descriptions fall back to the generic template | brand unresolved: every brand column held a placeholder and no alias was found in the description"
990,0.282,XTP242,"42"" XTP XTENDER PRO Fence - XTP242",,,,"XTP242 PRO Fence XTP, 42 in Width",PRO FENCE XTP 42IN,18,"PRO Fence XTP, XTP242, 42 in Width",34,"BRAND_NAME is empty | MANUFACTURER_NAME is empty | Classpath is empty | MOBILE_DESC is 34 chars, outside the 60-80 window | no taxonomy match, so the attribute contract and all five descriptions fall back to the generic template | brand unresolved: every brand column held a placeholder and no alias was found in the description"
993,0.282,4225.201,"4225.201 Oliver 6"" HH Jointer Paralleogram",,,,"4225.201 HH Jointer Paralleogram, 6 in Width",HH JOINTER PARALLEOGRAM 6IN,27,"HH Jointer Paralleogram, 4225.201, 6 in Width",45,"BRAND_NAME is empty | MANUFACTURER_NAME is empty | Classpath is empty | MOBILE_DESC is 45 chars, outside the 60-80 window | no taxonomy match, so the attribute contract and all five descriptions fall back to the generic template | brand unresolved: every brand column held a placeholder and no alias was found in the description"
994,0.282,KC-426C,"KC-426C 12"" Portable Planer",,,,"KC-426C Portable Planer, 12 in Width",PORTABLE PLANER 12IN,20,"Portable Planer, KC-426C, 12 in Width",37,"BRAND_NAME is empty | MANUFACTURER_NAME is empty | Classpath is empty | MOBILE_DESC is 37 chars, outside the 60-80 window | no taxonomy match, so the attribute contract and all five descriptions fall back to the generic template | brand unresolved: every brand column held a placeholder and no alias was found in the description"
756,0.283,25459,25459 Mason Line Brd Orange - 500',,,,"25459 Line Brd Orange, Orange, 500 ft Length",LINE BRD ORANGE ORANGE 500FT,28,"Line Brd Orange, 25459, Orange, 500 ft Length",45,"BRAND_NAME is empty | MANUFACTURER_NAME is empty | Classpath is empty | MOBILE_DESC is 45 chars, outside the 60-80 window | no taxonomy match, so the attribute contract and all five descriptions fall back to the generic template | brand unresolved: every brand column held a placeholder and no alias was found in the description"
757,0.283,35459,35459 Mason Line Brd Orange - 500' Replacement,,,,"35459 Brd Orange Replacement, Orange, 500 ft Length",BRD ORANGE REPL ORANGE 500FT,28,"Brd Orange Replacement, 35459, Orange, 500 ft Length",52,"BRAND_NAME is empty | MANUFACTURER_NAME is empty | Classpath is empty | MOBILE_DESC is 52 chars, outside the 60-80 window | no taxonomy match, so the attribute contract and all five descriptions fall back to the generic template | brand unresolved: every brand column held a placeholder and no alias was found in the description"
758,0.283,25759,25759 Mason Line Brd Orange - 1000',,,,"25759 Line Brd Orange, Orange, 1000 ft Length",LINE BRD ORANGE ORANGE 1000FT,29,"Line Brd Orange, 25759, Orange, 1000 ft Length",46,"BRAND_NAME is empty | MANUFACTURER_NAME is empty | Classpath is empty | MOBILE_DESC is 46 chars, outside the 60-80 window | no taxonomy match, so the attribute contract and all five descriptions fall back to the generic template | brand unresolved: every brand column held a placeholder and no alias was found in the description"
759,0.283,35112,35112 Mason Line Twist Yellow - 270',,,,"35112 Line Twist Yellow, Yellow, 270 ft Length",LINE TWIST YELLOW YELLOW 270FT,30,"Line Twist Yellow, 35112, Yellow, 270 ft Length",47,"BRAND_NAME is empty | MANUFACTURER_NAME is empty | Classpath is empty | MOBILE_DESC is 47 chars, outside the 60-80 window | no taxonomy match, so the attribute contract and all five descriptions fall back to the generic template | brand unresolved: every brand column held a placeholder and no alias was found in the description"
760,0.283,35115,35115 Mason Line Twist Green - 270',,,,"35115 Line Twist Green, Green, 270 ft Length",LINE TWIST GREEN GREEN 270FT,28,"Line Twist Green, 35115, Green, 270 ft Length",45,"BRAND_NAME is empty | MANUFACTURER_NAME is empty | Classpath is empty | MOBILE_DESC is 45 chars, outside the 60-80 window | no taxonomy match, so the attribute contract and all five descriptions fall back to the generic template | brand unresolved: every brand column held a placeholder and no alias was found in the description"
762,0.283,35468,35468 Mason Line Brd Green - 500' Replacement,,,,"35468 Brd Green Replacement, Green, 500 ft Length",BRD GREEN REPL GREEN 500FT,26,"Brd Green Replacement, 35468, Green, 500 ft Length",50,"BRAND_NAME is empty | MANUFACTURER_NAME is empty | Classpath is empty | MOBILE_DESC is 50 chars, outside the 60-80 window | no taxonomy match, so the attribute contract and all five descriptions fall back to the generic template | brand unresolved: every brand column held a placeholder and no alias was found in the description"
773,0.283,25468,25468 Mason Line Brd Green - 500',,,,"25468 Line Brd Green, Green, 500 ft Length",LINE BRD GREEN GREEN 500FT,26,"Line Brd Green, 25468, Green, 500 ft Length",43,"BRAND_NAME is empty | MANUFACTURER_NAME is empty | Classpath is empty | MOBILE_DESC is 43 chars, outside the 60-80 window | no taxonomy match, so the attribute contract and all five descriptions fall back to the generic template | brand unresolved: every brand column held a placeholder and no alias was found in the description"
70,0.284,D519127,D519127 Heater Kit,,,,D519127 Heater,HEATER,6,"Heater, D519127",15,"BRAND_NAME is empty | MANUFACTURER_NAME is empty | Classpath is empty | MOBILE_DESC is 15 chars, outside the 60-80 window | no taxonomy match, so the attribute contract and all five descriptions fall back to the generic template | brand unresolved: every brand column held a placeholder and no alias was found in the description"
93,0.284,05134545001,9516 Kneeling Pad& Bttl Opener,,,,05134545001 Pad Bttl Opener,PAD BTTL OPENER,15,"Pad Bttl Opener, 05134545001",28,"BRAND_NAME is empty | MANUFACTURER_NAME is empty | Classpath is empty | MOBILE_DESC is 28 chars, outside the 60-80 window | no taxonomy match, so the attribute contract and all five descriptions fall back to the generic template | brand unresolved: every brand column held a placeholder and no alias was found in the description"
94,0.284,LNL65301,LNL65301 Digital Tire Pressure - Inflator Gauge,,,,LNL65301 Pressure Inflator Gauge,PRESSURE INFLATOR GAUGE,23,"Pressure Inflator Gauge, LNL65301",33,"BRAND_NAME is empty | MANUFACTURER_NAME is empty | Classpath is empty | MOBILE_DESC is 33 chars, outside the 60-80 window | no taxonomy match, so the attribute contract and all five descriptions fall back to the generic template | brand unresolved: every brand column held a placeholder and no alias was found in the description"
586,0.284,NEB-FLT-0053,NEBFLT0053 2600L Flash Light,,,,NEB-FLT-0053 NEBFLT Flash Light,NEBFLT FLASH LIGHT,18,"NEBFLT Flash Light, NEB-FLT-0053",32,"BRAND_NAME is empty | MANUFACTURER_NAME is empty | Classpath is empty | MOBILE_DESC is 32 chars, outside the 60-80 window | no taxonomy match, so the attribute contract and all five descriptions fall back to the generic template | brand unresolved: every brand column held a placeholder and no alias was found in the description"
594,0.284,96263-46-06,96263-46-06 CAT5E Wire (Linear Foot),,,,96263-46-06 CAT Wire,CAT WIRE,8,"CAT Wire, 96263-46-06",21,"BRAND_NAME is empty | MANUFACTURER_NAME is empty | Classpath is empty | MOBILE_DESC is 21 chars, outside the 60-80 window | no taxonomy match, so the attribute contract and all five descriptions fall back to the generic template | brand unresolved: every brand column held a placeholder and no alias was found in the description"
597,0.284,23346-0408,23346-0408 Wire 16/3 SJEWA 250 (Linear Foot),,,,23346-0408 Wire SJEWA,WIRE SJEWA,10,"Wire SJEWA, 23346-0408",22,"BRAND_NAME is empty | MANUFACTURER_NAME is empty | Classpath is empty | MOBILE_DESC is 22 chars, outside the 60-80 window | no taxonomy match, so the attribute contract and all five descriptions fall back to the generic template | brand unresolved: every brand column held a placeholder and no alias was found in the description"
622,0.284,C7CDAAS3PD3,C7CDAAS3PD3 Café Drip Coffee Maker MB,,,,C7CDAAS3PD3 Coffee Maker MB,COFFEE MAKER MB,15,"Coffee Maker MB, C7CDAAS3PD3",28,"BRAND_NAME is empty | MANUFACTURER_NAME is empty | Classpath is empty | MOBILE_DESC is 28 chars, outside the 60-80 window | no taxonomy match, so the attribute contract and all five descriptions fall back to the generic template | brand unresolved: every brand column held a placeholder and no alias was found in the description"
624,0.284,C7CDABS2RS3,C7CDABS2RS3 Cafe Coffee Maker,,,,C7CDABS2RS3 Cafe Coffee Maker,CAFE COFFEE MAKER,17,"Cafe Coffee Maker, C7CDABS2RS3",30,"BRAND_NAME is empty | MANUFACTURER_NAME is empty | Classpath is empty | MOBILE_DESC is 30 chars, outside the 60-80 window | no taxonomy match, so the attribute contract and all five descriptions fall back to the generic template | brand unresolved: every brand column held a placeholder and no alias was found in the description"
625,0.284,C7CDABS3RD3,C7CDABS3RD3 Café Coffee Maker MB,,,,C7CDABS3RD3 Coffee Maker MB,COFFEE MAKER MB,15,"Coffee Maker MB, C7CDABS3RD3",28,"BRAND_NAME is empty | MANUFACTURER_NAME is empty | Classpath is empty | MOBILE_DESC is 28 chars, outside the 60-80 window | no taxonomy match, so the attribute contract and all five descriptions fall back to the generic template | brand unresolved: every brand column held a placeholder and no alias was found in the description"
630,0.284,C7CESAS3RD3,C7CESAS3RD3 Café Espresso Machine MB,,,,C7CESAS3RD3 Espresso Machine MB,ESPRESSO MACHINE MB,19,"Espresso Machine MB, C7CESAS3RD3",32,"BRAND_NAME is empty | MANUFACTURER_NAME is empty | Classpath is empty | MOBILE_DESC is 32 chars, outside the 60-80 window | no taxonomy match, so the attribute contract and all five descriptions fall back to the generic template | brand unresolved: every brand column held a placeholder and no alias was found in the description"
654,0.284,C9TMA2S3PD3,C9TMA2S3PD3 Café Toaster MB,,,,C9TMA2S3PD3 Caf Toaster MB,CAF TOASTER MB,14,"Caf Toaster MB, C9TMA2S3PD3",27,"BRAND_NAME is empty | MANUFACTURER_NAME is empty | Classpath is empty | MOBILE_DESC is 27 chars, outside the 60-80 window | no taxonomy match, so the attribute contract and all five descriptions fall back to the generic template | brand unresolved: every brand column held a placeholder and no alias was found in the description"
671,0.284,TP-1935,TP-1935 Hole Drilling System,,,,TP-1935 Hole Drilling System,HOLE DRILLING SYSTEM,20,"Hole Drilling System, TP-1935",29,"BRAND_NAME is empty | MANUFACTURER_NAME is empty | Classpath is empty | MOBILE_DESC is 29 chars, outside the 60-80 window | no taxonomy match, so the attribute contract and all five descriptions fall back to the generic template | brand unresolved: every brand column held a placeholder and no alias was found in the description"
686,0.284,HS-DA,HS-DA Motion Driveway Alert,,,,HS-DA Motion Driveway Alert,MOTION DRIVEWAY ALERT,21,"Motion Driveway Alert, HS-DA",28,"BRAND_NAME is empty | MANUFACTURER_NAME is empty | Classpath is empty | MOBILE_DESC is 28 chars, outside the 60-80 window | no taxonomy match, so the attribute contract and all five descriptions fall back to the generic template | brand unresolved: every brand column held a placeholder and no alias was found in the description"
712,0.284,FE-EFX-6L,FEEFX6L Lith Fire Extinguisher,,,,FE-EFX-6L Lith Fire Extinguisher,LITH FIRE EXTINGUISHER,22,"Lith Fire Extinguisher, FE-EFX-6L",33,"BRAND_NAME is empty | MANUFACTURER_NAME is empty | Classpath is empty | MOBILE_DESC is 33 chars, outside the 60-80 window | no taxonomy match, so the attribute contract and all five descriptions fall back to the generic template | brand unresolved: every brand column held a placeholder and no alias was found in the description"
713,0.284,FE-EFX-9L,FEEFX9L Lith Fire Extinguisher,,,,FE-EFX-9L Lith Fire Extinguisher,LITH FIRE EXTINGUISHER,22,"Lith Fire Extinguisher, FE-EFX-9L",33,"BRAND_NAME is empty | MANUFACTURER_NAME is empty | Classpath is empty | MOBILE_DESC is 33 chars, outside the 60-80 window | no taxonomy match, so the attribute contract and all five descriptions fall back to the generic template | brand unresolved: every brand column held a placeholder and no alias was found in the description"
749,0.284,GCL165-42GL,GCL165--42GL Cross Line Laser,,,,GCL165-42GL Cross Line Laser,CROSS LINE LASER,16,"Cross Line Laser, GCL165-42GL",29,"BRAND_NAME is empty | MANUFACTURER_NAME is empty | Classpath is empty | MOBILE_DESC is 29 chars, outside the 60-80 window | no taxonomy match, so the attribute contract and all five descriptions fall back to the generic template | brand unresolved: every brand column held a placeholder and no alias was found in the description"
777,0.284,133164,133164 950/9 Hex Plus Spks - Multicolor,,,,133164 Plus Spks Multicolor,PLUS SPKS MULTICOLOR,20,"Plus Spks Multicolor, 133164",28,"BRAND_NAME is empty | MANUFACTURER_NAME is empty | Classpath is empty | MOBILE_DESC is 28 chars, outside the 60-80 window | no taxonomy match, so the attribute contract and all five descriptions fall back to the generic template | brand unresolved: every brand column held a placeholder and no alias was found in the description"
815,0.284,58006,58006 Voyager Drill Press,,,,58006 Voyager Drill Press,VOYAGER DRILL PRESS,19,"Voyager Drill Press, 58006",26,"BRAND_NAME is empty | MANUFACTURER_NAME is empty | Classpath is empty | MOBILE_DESC is 26 chars, outside the 60-80 window | no taxonomy match, so the attribute contract and all five descriptions fall back to the generic template | brand unresolved: every brand column held a placeholder and no alias was found in the description"
818,0.284,918200,918200 Paslode CT200S24 18Ga ST Brad Nailer,,,,918200 ST Brad Nailer,ST BRAD NAILER,14,"ST Brad Nailer, 918200",22,"BRAND_NAME is empty | MANUFACTURER_NAME is empty | Classpath is empty | MOBILE_DESC is 22 chars, outside the 60-80 window | no taxonomy match, so the attribute contract and all five descriptions fall back to the generic template | brand unresolved: every brand column held a placeholder and no alias was found in the description"
953,0.284,TGP2-FA,TGP2-FA T-Glide Fence Professional,,,,TGP2-FA T-Glide Fence Professional,T-GLIDE FENCE PRO,17,"T-Glide Fence Professional, TGP2-FA",35,"BRAND_NAME is empty | MANUFACTURER_NAME is empty | Classpath is empty | MOBILE_DESC is 35 chars, outside the 60-80 window | no taxonomy match, so the attribute contract and all five descriptions fall back to the generic template | brand unresolved: every brand column held a placeholder and no alias was found in the description"
954,0.284,ATGI-FA,ATGI-FA T-Glide Advanced Fence Industrial,,,,ATGI-FA Advanced Fence Industrial,ADVANCED FENCE IND,18,"Advanced Fence Industrial, ATGI-FA",34,"BRAND_NAME is empty | MANUFACTURER_NAME is empty | Classpath is empty | MOBILE_DESC is 34 chars, outside the 60-80 window | no taxonomy match, so the attribute contract and all five descriptions fall back to the generic template | brand unresolved: every brand column held a placeholder and no alias was found in the description"
955,0.284,ATGP-FA,ATGP-FA T-Glide Advance Fence Professional,,,,ATGP-FA Advance Fence Professional,ADVANCE FENCE PRO,17,"Advance Fence Professional, ATGP-FA",35,"BRAND_NAME is empty | MANUFACTURER_NAME is empty | Classpath is empty | MOBILE_DESC is 35 chars, outside the 60-80 window | no taxonomy match, so the attribute contract and all five descriptions fall back to the generic template | brand unresolved: every brand column held a placeholder and no alias was found in the description"
956,0.284,TGI2-FA,TGI2-FA T-Glide Fence Indudtrial,,,,TGI2-FA T-Glide Fence Indudtrial,T-GLIDE FENCE INDUDTRIAL,24,"T-Glide Fence Indudtrial, TGI2-FA",33,"BRAND_NAME is empty | MANUFACTURER_NAME is empty | Classpath is empty | MOBILE_DESC is 33 chars, outside the 60-80 window | no taxonomy match, so the attribute contract and all five descriptions fall back to the generic template | brand unresolved: every brand column held a placeholder and no alias was found in the description"
985,0.284,T-90043,T-90043 Deep Medium Organizer,,,,T-90043 Deep Medium Organizer,DEEP MEDIUM ORGANIZER,21,"Deep Medium Organizer, T-90043",30,"BRAND_NAME is empty | MANUFACTURER_NAME is empty | Classpath is empty | MOBILE_DESC is 30 chars, outside the 60-80 window | no taxonomy match, so the attribute contract and all five descriptions fall back to the generic template | brand unresolved: every brand column held a placeholder and no alias was found in the description"
986,0.284,T-90059,T-90059 Low Profile Medium - Organizer,,,,T-90059 Profile Medium Organizer,PROFILE MEDIUM ORGANIZER,24,"Profile Medium Organizer, T-90059",33,"BRAND_NAME is empty | MANUFACTURER_NAME is empty | Classpath is empty | MOBILE_DESC is 33 chars, outside the 60-80 window | no taxonomy match, so the attribute contract and all five descriptions fall back to the generic template | brand unresolved: every brand column held a placeholder and no alias was found in the description"
987,0.284,T-90065,T-90065 Deep Compact Organizer,,,,T-90065 Deep Compact Organizer,DEEP COMPACT ORGANIZER,22,"Deep Compact Organizer, T-90065",31,"BRAND_NAME is empty | MANUFACTURER_NAME is empty | Classpath is empty | MOBILE_DESC is 31 chars, outside the 60-80 window | no taxonomy match, so the attribute contract and all five descriptions fall back to the generic template | brand unresolved: every brand column held a placeholder and no alias was found in the description"
989,0.284,MAG:2044-230-1,2044-230-1 Stock Feeder 4-Roll - Steff,,,,MAG:2044-230-1 Feeder Roll Steff,FEEDER ROLL STEFF,17,"Feeder Roll Steff, MAG:2044-230-1",33,"BRAND_NAME is empty | MANUFACTURER_NAME is empty | Classpath is empty | MOBILE_DESC is 33 chars, outside the 60-80 window | no taxonomy match, so the attribute contract and all five descriptions fall back to the generic template | brand unresolved: every brand column held a placeholder and no alias was found in the description"
991,0.284,AAS-P,AAS-P Align-A-Saw Plate Only,,,,AAS-P Align-A-Saw Plate,ALIGN-A-SAW PLATE,17,"Align-A-Saw Plate, AAS-P",24,"BRAND_NAME is empty | MANUFACTURER_NAME is empty | Classpath is empty | MOBILE_DESC is 24 chars, outside the 60-80 window | no taxonomy match, so the attribute contract and all five descriptions fall back to the generic template | brand unresolved: every brand column held a placeholder and no alias was found in the description"
992,0.284,SSCMS,SSCMS Stealthstop Miter Sled,,,,SSCMS Stealthstop Miter Sled,STEALTHSTOP MITER SLED,22,"Stealthstop Miter Sled, SSCMS",29,"BRAND_NAME is empty | MANUFACTURER_NAME is empty | Classpath is empty | MOBILE_DESC is 29 chars, outside the 60-80 window | no taxonomy match, so the attribute contract and all five descriptions fall back to the generic template | brand unresolved: every brand column held a placeholder and no alias was found in the description"
925,0.284,794.321,794.321 HS Planer Knives 3pc,,,,794.321 Planer Knives Pc,PLANER KNIVES PC 3PC,20,"Planer Knives Pc, 794.321, 3 pc Pack Quantity",45,"BRAND_NAME is empty | MANUFACTURER_NAME is empty | Classpath is empty | MOBILE_DESC is 45 chars, outside the 60-80 window | no taxonomy match, so the attribute contract and all five descriptions fall back to the generic template | brand unresolved: every brand column held a placeholder and no alias was found in the description"
687,0.285,73002252,Black Gate Gravity Latch RDI,,,,"73002252 Gravity Latch RDI, Black",GRAVITY LATCH RDI BLK,21,"Gravity Latch RDI, 73002252, Black",34,"BRAND_NAME is empty | MANUFACTURER_NAME is empty | Classpath is empty | MOBILE_DESC is 34 chars, outside the 60-80 window | no taxonomy match, so the attribute contract and all five descriptions fall back to the generic template | brand unresolved: every brand column held a placeholder and no alias was found in the description"
742,0.285,5328,5328 Lg. Leather Phone Holster - Clip-on,,,,"5328 Phone Holster Clip-On, Leather",PHONE HOLSTER CLIP-ON LEATHER,29,"Phone Holster Clip-On, 5328, Leather",36,"BRAND_NAME is empty | MANUFACTURER_NAME is empty | Classpath is empty | MOBILE_DESC is 36 chars, outside the 60-80 window | no taxonomy match, so the attribute contract and all five descriptions fall back to the generic template | brand unresolved: every brand column held a placeholder and no alias was found in the description"
782,0.285,AVM6EV,AVM6 EV Mini Snip Red,,,,"AVM6EV Mini Snip Red, Red",MINI SNIP RED RED,17,"Mini Snip Red, AVM6EV, Red",26,"BRAND_NAME is empty | MANUFACTURER_NAME is empty | Classpath is empty | MOBILE_DESC is 26 chars, outside the 60-80 window | no taxonomy match, so the attribute contract and all five descriptions fall back to the generic template | brand unresolved: every brand column held a placeholder and no alias was found in the description"
783,0.285,AVM6EV,AVM7 EV Mini Snip Green,,,,"AVM6EV Mini Snip Green, Green",MINI SNIP GREEN GREEN,21,"Mini Snip Green, AVM6EV, Green",30,"BRAND_NAME is empty | MANUFACTURER_NAME is empty | Classpath is empty | MOBILE_DESC is 30 chars, outside the 60-80 window | no taxonomy match, so the attribute contract and all five descriptions fall back to the generic template | brand unresolved: every brand column held a placeholder and no alias was found in the description"
619,0.387,XOU2470BCGS,XOU2470BCGS Tall Beverage Center SS,,,,"XOU2470BCGS Beverage Center Stainless Steel, Stainless Steel",BEVERAGE CENTER SST SST,23,"Beverage Center Stainless Steel, XOU2470BCGS, Stainless Steel",61,"BRAND_NAME is empty | MANUFACTURER_NAME is empty | Classpath is empty | no taxonomy match, so the attribute contract and all five descriptions fall back to the generic template | brand unresolved: every brand column held a placeholder and no alias was found in the description"
620,0.387,XOU24BCGSR,XOU24BCGSR Beverage Center SS,,,,"XOU24BCGSR Beverage Center Stainless Steel, Stainless Steel",BEVERAGE CENTER SST SST,23,"Beverage Center Stainless Steel, XOU24BCGSR, Stainless Steel",60,"BRAND_NAME is empty | MANUFACTURER_NAME is empty | Classpath is empty | no taxonomy match, so the attribute contract and all five descriptions fall back to the generic template | brand unresolved: every brand column held a placeholder and no alias was found in the description"
627,0.387,C7CEBBS2RS3,C7CEBBS2RS3 Cafe Auto Espresso Machine SS,,,,"C7CEBBS2RS3 Espresso Machine Stainless Steel, Stainless Steel",ESPRESSO MACHINE SST SST,24,"Espresso Machine Stainless Steel, C7CEBBS2RS3, Stainless Steel",62,"BRAND_NAME is empty | MANUFACTURER_NAME is empty | Classpath is empty | no taxonomy match, so the attribute contract and all five descriptions fall back to the generic template | brand unresolved: every brand column held a placeholder and no alias was found in the description"
9,0.387,9A-570-240,9A-570-240 Abranet 2.75x30,,,,"9A-570-240 Abranet, 2-3/4 in Width, 30 in Length",ABRANET 2-3/4IN 30IN,20,"Abranet, 9A-570-240, 2-3/4 in Width, 30 in Length, 2-3/4 in x 30 in",67,"BRAND_NAME is empty | MANUFACTURER_NAME is empty | Classpath is empty | no taxonomy match, so the attribute contract and all five descriptions fall back to the generic template | brand unresolved: every brand column held a placeholder and no alias was found in the description"
10,0.387,9A-570-320,9A-570-320 Abranet 2.75x30,,,,"9A-570-320 Abranet, 2-3/4 in Width, 30 in Length",ABRANET 2-3/4IN 30IN,20,"Abranet, 9A-570-320, 2-3/4 in Width, 30 in Length, 2-3/4 in x 30 in",67,"BRAND_NAME is empty | MANUFACTURER_NAME is empty | Classpath is empty | no taxonomy match, so the attribute contract and all five descriptions fall back to the generic template | brand unresolved: every brand column held a placeholder and no alias was found in the description"
803,0.387,9A-219-180,9A-219-180 Abranet 4x6x6,,,,"9A-219-180 Abranet, 4 in Width, 6 in Length",ABRANET 4IN 6IN,15,"Abranet, 9A-219-180, 4 in Width, 6 in Length, 4 in x 6 in x 6 in",64,"BRAND_NAME is empty | MANUFACTURER_NAME is empty | Classpath is empty | no taxonomy match, so the attribute contract and all five descriptions fall back to the generic template | brand unresolved: every brand column held a placeholder and no alias was found in the description"
804,0.387,9A-219-120RP,9A-219-120RP Abranet 4x6x6,,,,"9A-219-120RP Abranet, 4 in Width, 6 in Length",ABRANET 4IN 6IN,15,"Abranet, 9A-219-120RP, 4 in Width, 6 in Length, 4 in x 6 in x 6 in",66,"BRAND_NAME is empty | MANUFACTURER_NAME is empty | Classpath is empty | no taxonomy match, so the attribute contract and all five descriptions fall back to the generic template | brand unresolved: every brand column held a placeholder and no alias was found in the description"
895,0.387,24-35M-320,"24-35M-320 Iridium Grip - 3.2"" x 5.2"" Grip",,,,"24-35M-320 Iridium Grip Grip, 3.2 in Width, 5.2 in Length",IRIDIUM GRIP GRIP 3.2IN 5.2IN,29,"Iridium Grip Grip, 24-35M-320, 3.2 in Width, 5.2 in Length, 3.2 in x 5.2 in",75,"BRAND_NAME is empty | MANUFACTURER_NAME is empty | Classpath is empty | no taxonomy match, so the attribute contract and all five descriptions fall back to the generic template | brand unresolved: every brand column held a placeholder and no alias was found in the description"
896,0.387,9A-129-120,9A-129-120 Abranet 3x4 - 50 Sheets/Box,,,,"9A-129-120 Abranet Sheets Box, 3 in Width, 4 in Length",ABRANET SHEETS BOX 3IN 4IN,26,"Abranet Sheets Box, 9A-129-120, 3 in Width, 4 in Length, 3 in x 4 in x 50 ft",76,"BRAND_NAME is empty | MANUFACTURER_NAME is empty | Classpath is empty | no taxonomy match, so the attribute contract and all five descriptions fall back to the generic template | brand unresolved: every brand column held a placeholder and no alias was found in the description"
110,0.43,73045031,Custom Finyline Wh Gate Rd - w/Black Alum Balusters,,,Building Materials & Millwork>Decking & Railing>Balusters,73045031 Baluster,BALUSTER,8,"Baluster, 73045031, Balusters, Decking",38,"BRAND_NAME is empty | MANUFACTURER_NAME is empty | MOBILE_DESC is 38 chars, outside the 60-80 window | brand unresolved: every brand column held a placeholder and no alias was found in the description | classification was near-tied with Railing Systems (margin 0.02)"
89,0.433,TC5003BN,TC5003BN SQ Washer Bk,,,Appliances & Consumer Electronics>Laundry Appliances>Washers,"TC5003BN Washer, Black",WASHER BLK,10,"Washer, TC5003BN, Black, Washers, Large Appliances",50,"BRAND_NAME is empty | MANUFACTURER_NAME is empty | MOBILE_DESC is 50 chars, outside the 60-80 window | brand unresolved: every brand column held a placeholder and no alias was found in the description | classification was near-tied with Layout & Measuring (margin 0.03)"
88,0.434,TV2000WN,TV2000WN SQ Elect Washer,,,Appliances & Consumer Electronics>Laundry Appliances>Washers,TV2000WN Washer,WASHER,6,"Washer, TV2000WN, Washers, Large Appliances",43,"BRAND_NAME is empty | MANUFACTURER_NAME is empty | MOBILE_DESC is 43 chars, outside the 60-80 window | brand unresolved: every brand column held a placeholder and no alias was found in the description | classification was near-tied with Layout & Measuring (margin 0.03)"
104,0.508,73019602,Finyline Wh 6' Fl Rail Kit Rd - w/Black Alum Balusters,,,Building Materials & Millwork>Decking & Railing>Balusters,"73019602 Baluster, 6 ft Nominal Width",BALUSTER 6FT,12,"Baluster, 73019602, 6 ft Nominal Width, Balusters, Decking",58,"BRAND_NAME is empty | MANUFACTURER_NAME is empty | MOBILE_DESC is 58 chars, outside the 60-80 window | brand unresolved: every brand column held a placeholder and no alias was found in the description"
105,0.508,73019651,Finyline Wh 8' Fl Rail Kit Rd - w/Black Alum Balusters,,,Building Materials & Millwork>Decking & Railing>Balusters,"73019651 Baluster, 8 ft Nominal Width",BALUSTER 8FT,12,"Baluster, 73019651, 8 ft Nominal Width, Balusters, Decking",58,"BRAND_NAME is empty | MANUFACTURER_NAME is empty | MOBILE_DESC is 58 chars, outside the 60-80 window | brand unresolved: every brand column held a placeholder and no alias was found in the description"
106,0.508,73019516,Finyline Wh 10' Fl Rail Kit Rd - w/Black Alum Balusters,,,Building Materials & Millwork>Decking & Railing>Balusters,"73019516 Baluster, 10 ft Nominal Width",BALUSTER 10FT,13,"Baluster, 73019516, 10 ft Nominal Width, Balusters, Decking",59,"BRAND_NAME is empty | MANUFACTURER_NAME is empty | MOBILE_DESC is 59 chars, outside the 60-80 window | brand unresolved: every brand column held a placeholder and no alias was found in the description"
292,0.508,73019598,Finyline Wh 6' Str Rail Kit Rd - w/Black Alum Balusters,,,Building Materials & Millwork>Decking & Railing>Balusters,"73019598 Baluster, 6 ft Nominal Width",BALUSTER 6FT,12,"Baluster, 73019598, 6 ft Nominal Width, Balusters, Decking",58,"BRAND_NAME is empty | MANUFACTURER_NAME is empty | MOBILE_DESC is 58 chars, outside the 60-80 window | brand unresolved: every brand column held a placeholder and no alias was found in the description"
293,0.508,73019647,Finyline Wh 8' Str Rail Kit Rd - w/Black Alum Balusters,,,Building Materials & Millwork>Decking & Railing>Balusters,"73019647 Baluster, 8 ft Nominal Width",BALUSTER 8FT,12,"Baluster, 73019647, 8 ft Nominal Width, Balusters, Decking",58,"BRAND_NAME is empty | MANUFACTURER_NAME is empty | MOBILE_DESC is 58 chars, outside the 60-80 window | brand unresolved: every brand column held a placeholder and no alias was found in the description"
702,0.513,TSDKAP218-G2,TSDKAP218-G2 Edge Safety - Khor Black Frame Polarized,,,Safety & Personal Protection>Eye Protection>Safety Glasses,"TSDKAP218-G2 Safety Glasses, Black",SAFETY GLASSES BLK,18,"Safety Glasses, TSDKAP218-G2, Black, Safety Glasses, PPE",56,"BRAND_NAME is empty | MANUFACTURER_NAME is empty | MOBILE_DESC is 56 chars, outside the 60-80 window | brand unresolved: every brand column held a placeholder and no alias was found in the description"
72,0.526,DR7004BE,DR7004BE SQ Elect Dryer Bk,,,Appliances & Consumer Electronics>Laundry Appliances>Dryers,"DR7004BE Dryer, Black",DRYER BLK,9,"Dryer, DR7004BE, Black, Dryers, Large Appliances",48,"BRAND_NAME is empty | MANUFACTURER_NAME is empty | MOBILE_DESC is 48 chars, outside the 60-80 window | brand unresolved: every brand column held a placeholder and no alias was found in the description"
73,0.526,DV2000WE,DV2000WE SQ Elect Dryer Wh,,,Appliances & Consumer Electronics>Laundry Appliances>Dryers,"DV2000WE Dryer, White",DRYER WHT,9,"Dryer, DV2000WE, White, Dryers, Large Appliances",48,"BRAND_NAME is empty | MANUFACTURER_NAME is empty | MOBILE_DESC is 48 chars, outside the 60-80 window | brand unresolved: every brand column held a placeholder and no alias was found in the description"
74,0.526,DC5004WE,DC5004WE SQ Elect Dryer Wh,,,Appliances & Consumer Electronics>Laundry Appliances>Dryers,"DC5004WE Dryer, White",DRYER WHT,9,"Dryer, DC5004WE, White, Dryers, Large Appliances",48,"BRAND_NAME is empty | MANUFACTURER_NAME is empty | MOBILE_DESC is 48 chars, outside the 60-80 window | brand unresolved: every brand column held a placeholder and no alias was found in the description"
75,0.526,DC5004BE,DC5004BE SQ Elect Dryer Bk,,,Appliances & Consumer Electronics>Laundry Appliances>Dryers,"DC5004BE Dryer, Black",DRYER BLK,9,"Dryer, DC5004BE, Black, Dryers, Large Appliances",48,"BRAND_NAME is empty | MANUFACTURER_NAME is empty | MOBILE_DESC is 48 chars, outside the 60-80 window | brand unresolved: every brand column held a placeholder and no alias was found in the description"
80,0.527,DR5004WG,DR5004WG SQ Gas Dryer Wh,,,Appliances & Consumer Electronics>Laundry Appliances>Dryers,"DR5004WG Dryer, White, Gas Fuel",DRYER WHT GAS,13,"Dryer, DR5004WG, White, Gas Fuel, Dryers, Large Appliances",58,"BRAND_NAME is empty | MANUFACTURER_NAME is empty | MOBILE_DESC is 58 chars, outside the 60-80 window | brand unresolved: every brand column held a placeholder and no alias was found in the description"
81,0.527,DR7004BG,DR7004BG SQ Gas Dryer Bk,,,Appliances & Consumer Electronics>Laundry Appliances>Dryers,"DR7004BG Dryer, Black, Gas Fuel",DRYER BLK GAS,13,"Dryer, DR7004BG, Black, Gas Fuel, Dryers, Large Appliances",58,"BRAND_NAME is empty | MANUFACTURER_NAME is empty | MOBILE_DESC is 58 chars, outside the 60-80 window | brand unresolved: every brand column held a placeholder and no alias was found in the description"
82,0.527,DR7004WG,DR7004WG SQ Gas Dryer Wh,,,Appliances & Consumer Electronics>Laundry Appliances>Dryers,"DR7004WG Dryer, White, Gas Fuel",DRYER WHT GAS,13,"Dryer, DR7004WG, White, Gas Fuel, Dryers, Large Appliances",58,"BRAND_NAME is empty | MANUFACTURER_NAME is empty | MOBILE_DESC is 58 chars, outside the 60-80 window | brand unresolved: every brand column held a placeholder and no alias was found in the description"
83,0.527,DV2000WG,DV2000WG SQ Gas Dryer Wh,,,Appliances & Consumer Electronics>Laundry Appliances>Dryers,"DV2000WG Dryer, White, Gas Fuel",DRYER WHT GAS,13,"Dryer, DV2000WG, White, Gas Fuel, Dryers, Large Appliances",58,"BRAND_NAME is empty | MANUFACTURER_NAME is empty | MOBILE_DESC is 58 chars, outside the 60-80 window | brand unresolved: every brand column held a placeholder and no alias was found in the description"
84,0.527,DC5004WG,DC5004WG SQ Gas Dryer Wh,,,Appliances & Consumer Electronics>Laundry Appliances>Dryers,"DC5004WG Dryer, White, Gas Fuel",DRYER WHT GAS,13,"Dryer, DC5004WG, White, Gas Fuel, Dryers, Large Appliances",58,"BRAND_NAME is empty | MANUFACTURER_NAME is empty | MOBILE_DESC is 58 chars, outside the 60-80 window | brand unresolved: every brand column held a placeholder and no alias was found in the description"
85,0.527,DC5004BG,DC5004BG SQ Gas Dryer Bk,,,Appliances & Consumer Electronics>Laundry Appliances>Dryers,"DC5004BG Dryer, Black, Gas Fuel",DRYER BLK GAS,13,"Dryer, DC5004BG, Black, Gas Fuel, Dryers, Large Appliances",58,"BRAND_NAME is empty | MANUFACTURER_NAME is empty | MOBILE_DESC is 58 chars, outside the 60-80 window | brand unresolved: every brand column held a placeholder and no alias was found in the description"
77,0.535,FF7011WN,FF7011WN Speed Queen Washer Wh,,,Appliances & Consumer Electronics>Laundry Appliances>Washers,"FF7011WN Washer, White",WASHER WHT,10,"Washer, FF7011WN, White, Washers, Large Appliances",50,"BRAND_NAME is empty | MANUFACTURER_NAME is empty | MOBILE_DESC is 50 chars, outside the 60-80 window | brand unresolved: every brand column held a placeholder and no alias was found in the description"
86,0.535,PTW705BSTWS,PTW705BSTWS GE Washer Wh,,,Appliances & Consumer Electronics>Laundry Appliances>Washers,"PTW705BSTWS Washer, White",WASHER WHT,10,"Washer, PTW705BSTWS, White, Washers, Large Appliances",53,"BRAND_NAME is empty | MANUFACTURER_NAME is empty | MOBILE_DESC is 53 chars, outside the 60-80 window | brand unresolved: every brand column held a placeholder and no alias was found in the description"
87,0.535,MVWP586GW,MVWP586GW Washer Wh - Display,,,Appliances & Consumer Electronics>Laundry Appliances>Washers,"MVWP586GW Washer, White",WASHER WHT,10,"Washer, MVWP586GW, White, Washers, Large Appliances",51,"BRAND_NAME is empty | MANUFACTURER_NAME is empty | MOBILE_DESC is 51 chars, outside the 60-80 window | brand unresolved: every brand column held a placeholder and no alias was found in the description"
90,0.535,TR7006WN,TR7006WN Speed Queen Washer Wh,,,Appliances & Consumer Electronics>Laundry Appliances>Washers,"TR7006WN Washer, White",WASHER WHT,10,"Washer, TR7006WN, White, Washers, Large Appliances",50,"BRAND_NAME is empty | MANUFACTURER_NAME is empty | MOBILE_DESC is 50 chars, outside the 60-80 window | brand unresolved: every brand column held a placeholder and no alias was found in the description"
91,0.535,TR7006BN,TR7006BN Speed Queen Washer Bk,,,Appliances & Consumer Electronics>Laundry Appliances>Washers,"TR7006BN Washer, Black",WASHER BLK,10,"Washer, TR7006BN, Black, Washers, Large Appliances",50,"BRAND_NAME is empty | MANUFACTURER_NAME is empty | MOBILE_DESC is 50 chars, outside the 60-80 window | brand unresolved: every brand column held a placeholder and no alias was found in the description"
92,0.535,TR5006WN,TR5006WN Speed Queen Washer Wh,,,Appliances & Consumer Electronics>Laundry Appliances>Washers,"TR5006WN Washer, White",WASHER WHT,10,"Washer, TR5006WN, White, Washers, Large Appliances",50,"BRAND_NAME is empty | MANUFACTURER_NAME is empty | MOBILE_DESC is 50 chars, outside the 60-80 window | brand unresolved: every brand column held a placeholder and no alias was found in the description"
648,0.535,CHP90301TBB,CHP90301TBB Café Cooktop Bk,,,Appliances & Consumer Electronics>Kitchen Appliances>Cooktops,"CHP90301TBB Cooktop, Black",COOKTOP BLK,11,"Cooktop, CHP90301TBB, Black, Cooktops, Large Appliances",55,"BRAND_NAME is empty | MANUFACTURER_NAME is empty | MOBILE_DESC is 55 chars, outside the 60-80 window | brand unresolved: every brand column held a placeholder and no alias was found in the description"
101,0.535,73019603,Finyline Wh 6' Fl Rail Kit Sq,,,Building Materials & Millwork>Decking & Railing>Railing Systems,"73019603 Railing, 6 ft Nominal Width",RAILING 6FT,11,"Railing, 73019603, 6 ft Nominal Width, Railing Systems, Decking",63,BRAND_NAME is empty | MANUFACTURER_NAME is empty | brand unresolved: every brand column held a placeholder and no alias was found in the description | classification was near-tied with Layout & Measuring (margin 0.04)
102,0.535,73019652,Finyline Wh 8' Fl Rail Kit Sq,,,Building Materials & Millwork>Decking & Railing>Railing Systems,"73019652 Railing, 8 ft Nominal Width",RAILING 8FT,11,"Railing, 73019652, 8 ft Nominal Width, Railing Systems, Decking",63,BRAND_NAME is empty | MANUFACTURER_NAME is empty | brand unresolved: every brand column held a placeholder and no alias was found in the description | classification was near-tied with Layout & Measuring (margin 0.04)
103,0.535,73019517,Finyline Wh 10' Fl Rail Kit Sq,,,Building Materials & Millwork>Decking & Railing>Railing Systems,"73019517 Railing, 10 ft Nominal Width",RAILING 10FT,12,"Railing, 73019517, 10 ft Nominal Width, Railing Systems, Decking",64,BRAND_NAME is empty | MANUFACTURER_NAME is empty | brand unresolved: every brand column held a placeholder and no alias was found in the description | classification was near-tied with Layout & Measuring (margin 0.04)
290,0.535,73019599,Finyline Wh 6' Str Rail Kit Sq,,,Building Materials & Millwork>Decking & Railing>Railing Systems,"73019599 Railing, 6 ft Nominal Width",RAILING 6FT,11,"Railing, 73019599, 6 ft Nominal Width, Railing Systems, Decking",63,BRAND_NAME is empty | MANUFACTURER_NAME is empty | brand unresolved: every brand column held a placeholder and no alias was found in the description | classification was near-tied with Layout & Measuring (margin 0.04)
291,0.535,73019648,Finyline Wh 8' Str Rail Kit Sq,,,Building Materials & Millwork>Decking & Railing>Railing Systems,"73019648 Railing, 8 ft Nominal Width",RAILING 8FT,11,"Railing, 73019648, 8 ft Nominal Width, Railing Systems, Decking",63,BRAND_NAME is empty | MANUFACTURER_NAME is empty | brand unresolved: every brand column held a placeholder and no alias was found in the description | classification was near-tied with Layout & Measuring (margin 0.04)
653,0.536,JXGRILL1,JXGRILL1 GE Range Grill,,,Appliances & Consumer Electronics>Kitchen Appliances>Ranges,JXGRILL1 Range,RANGE,5,"Range, JXGRILL1, Ranges, Large Appliances",41,"BRAND_NAME is empty | MANUFACTURER_NAME is empty | MOBILE_DESC is 41 chars, outside the 60-80 window | brand unresolved: every brand column held a placeholder and no alias was found in the description"
71,0.539,DF7004WE,DF7004WE Speed Queen Elect Dryer Wh,,,Appliances & Consumer Electronics>Laundry Appliances>Dryers,"DF7004WE Dryer, White",DRYER WHT,9,"Dryer, DF7004WE, White, Dryers, Large Appliances",48,"BRAND_NAME is empty | MANUFACTURER_NAME is empty | MOBILE_DESC is 48 chars, outside the 60-80 window | brand unresolved: every brand column held a placeholder and no alias was found in the description"
698,0.54,40025,40025 TS-54 Wal-Board T-Square 009-008,,,Tools & Equipment>Hand Tools>Layout & Measuring,40025 Measuring Tool,MEASURING TOOL,14,"Measuring Tool, 40025, Layout & Measuring, Hand Tools",53,"BRAND_NAME is empty | MANUFACTURER_NAME is empty | MOBILE_DESC is 53 chars, outside the 60-80 window | brand unresolved: every brand column held a placeholder and no alias was found in the description"
658,0.54,GDE21EMKES,GDE21EMKES GE 21CF Fridge SL Display Only,,,Appliances & Consumer Electronics>Kitchen Appliances>Refrigerators,GDE21EMKES Refrigerator,REFRIG,6,"Refrigerator, GDE21EMKES, Refrigerators, Large Appliances",57,"BRAND_NAME is empty | MANUFACTURER_NAME is empty | MOBILE_DESC is 57 chars, outside the 60-80 window | brand unresolved: every brand column held a placeholder and no alias was found in the description"
662,0.54,GNE25JMKES,GNE25JMKES GE Fridge Slate - Display,,,Appliances & Consumer Electronics>Kitchen Appliances>Refrigerators,GNE25JMKES Refrigerator,REFRIG,6,"Refrigerator, GNE25JMKES, Refrigerators, Large Appliances",57,"BRAND_NAME is empty | MANUFACTURER_NAME is empty | MOBILE_DESC is 57 chars, outside the 60-80 window | brand unresolved: every brand column held a placeholder and no alias was found in the description"
644,0.54,LSEL6333ZE,"LSEL6333ZE LG 30"" Elec Range BS-Display Only",,,Appliances & Consumer Electronics>Kitchen Appliances>Ranges,"LSEL6333ZE Range, 30 in Width",RANGE 30IN,10,"Range, LSEL6333ZE, 30 in Width, Ranges, Large Appliances",56,"BRAND_NAME is empty | MANUFACTURER_NAME is empty | MOBILE_DESC is 56 chars, outside the 60-80 window | brand unresolved: every brand column held a placeholder and no alias was found in the description"
768,0.541,6008,6008 Whiteside Router Bit,,,Tools & Equipment>Power Tool Accessories>Router Bits,6008 Router Bit,ROUTER BIT,10,"Router Bit, 6008, Router Bits, Power Tool Accessories",53,"BRAND_NAME is empty | MANUFACTURER_NAME is empty | MOBILE_DESC is 53 chars, outside the 60-80 window | brand unresolved: every brand column held a placeholder and no alias was found in the description"
769,0.541,6009,6009 Whiteside Router Bit,,,Tools & Equipment>Power Tool Accessories>Router Bits,6009 Router Bit,ROUTER BIT,10,"Router Bit, 6009, Router Bits, Power Tool Accessories",53,"BRAND_NAME is empty | MANUFACTURER_NAME is empty | MOBILE_DESC is 53 chars, outside the 60-80 window | brand unresolved: every brand column held a placeholder and no alias was found in the description"
770,0.541,3000A,3000A Whiteside Router Bit,,,Tools & Equipment>Power Tool Accessories>Router Bits,3000A Router Bit,ROUTER BIT,10,"Router Bit, 3000A, Router Bits, Power Tool Accessories",54,"BRAND_NAME is empty | MANUFACTURER_NAME is empty | MOBILE_DESC is 54 chars, outside the 60-80 window | brand unresolved: every brand column held a placeholder and no alias was found in the description"
720,0.541,MWUG42010124,UTW Pro Heated Glove Blk XS,,,Safety & Personal Protection>Hand Protection>Work Gloves,"MWUG42010124 Work Gloves, Black",WORK GLOVES BLK,15,"Work Gloves, MWUG42010124, Black, Work Gloves, PPE",50,"BRAND_NAME is empty | MANUFACTURER_NAME is empty | MOBILE_DESC is 50 chars, outside the 60-80 window | brand unresolved: every brand column held a placeholder and no alias was found in the description"
721,0.541,MWUG42010224,UTW Pro Heated Glove Blk SM,,,Safety & Personal Protection>Hand Protection>Work Gloves,"MWUG42010224 Work Gloves, Black",WORK GLOVES BLK,15,"Work Gloves, MWUG42010224, Black, Work Gloves, PPE",50,"BRAND_NAME is empty | MANUFACTURER_NAME is empty | MOBILE_DESC is 50 chars, outside the 60-80 window | brand unresolved: every brand column held a placeholder and no alias was found in the description"
722,0.541,MWUG42010324,UTW Pro Heated Glove Blk MD,,,Safety & Personal Protection>Hand Protection>Work Gloves,"MWUG42010324 Work Gloves, Black",WORK GLOVES BLK,15,"Work Gloves, MWUG42010324, Black, Work Gloves, PPE",50,"BRAND_NAME is empty | MANUFACTURER_NAME is empty | MOBILE_DESC is 50 chars, outside the 60-80 window | brand unresolved: every brand column held a placeholder and no alias was found in the description"
723,0.541,MWUG42010424,UTW Pro Heated Glove Blk LG,,,Safety & Personal Protection>Hand Protection>Work Gloves,"MWUG42010424 Work Gloves, Black",WORK GLOVES BLK,15,"Work Gloves, MWUG42010424, Black, Work Gloves, PPE",50,"BRAND_NAME is empty | MANUFACTURER_NAME is empty | MOBILE_DESC is 50 chars, outside the 60-80 window | brand unresolved: every brand column held a placeholder and no alias was found in the description"
724,0.541,MWUG42010524,UTW Pro Heated Glove Blk XL,,,Safety & Personal Protection>Hand Protection>Work Gloves,"MWUG42010524 Work Gloves, Black",WORK GLOVES BLK,15,"Work Gloves, MWUG42010524, Black, Work Gloves, PPE",50,"BRAND_NAME is empty | MANUFACTURER_NAME is empty | MOBILE_DESC is 50 chars, outside the 60-80 window | brand unresolved: every brand column held a placeholder and no alias was found in the description"
725,0.541,MWUG42010624,UTW Pro Heated Glove Blk 2X,,,Safety & Personal Protection>Hand Protection>Work Gloves,"MWUG42010624 Work Gloves, Black",WORK GLOVES BLK,15,"Work Gloves, MWUG42010624, Black, Work Gloves, PPE",50,"BRAND_NAME is empty | MANUFACTURER_NAME is empty | MOBILE_DESC is 50 chars, outside the 60-80 window | brand unresolved: every brand column held a placeholder and no alias was found in the description"
726,0.541,MWUG36010225,MWUG36010225 BLK SM Aerial Snow Heated Glove,,,Safety & Personal Protection>Hand Protection>Work Gloves,"MWUG36010225 Work Gloves, Black",WORK GLOVES BLK,15,"Work Gloves, MWUG36010225, Black, Work Gloves, PPE",50,"BRAND_NAME is empty | MANUFACTURER_NAME is empty | MOBILE_DESC is 50 chars, outside the 60-80 window | brand unresolved: every brand column held a placeholder and no alias was found in the description"
727,0.541,MWUG36010325,MWUG36010325 BLK MD Aerial Snow Heated Glove,,,Safety & Personal Protection>Hand Protection>Work Gloves,"MWUG36010325 Work Gloves, Black",WORK GLOVES BLK,15,"Work Gloves, MWUG36010325, Black, Work Gloves, PPE",50,"BRAND_NAME is empty | MANUFACTURER_NAME is empty | MOBILE_DESC is 50 chars, outside the 60-80 window | brand unresolved: every brand column held a placeholder and no alias was found in the description"
728,0.541,MWUG36010425,MWUG36010425 BLK LG Aerial Snow Heated Glove,,,Safety & Personal Protection>Hand Protection>Work Gloves,"MWUG36010425 Work Gloves, Black",WORK GLOVES BLK,15,"Work Gloves, MWUG36010425, Black, Work Gloves, PPE",50,"BRAND_NAME is empty | MANUFACTURER_NAME is empty | MOBILE_DESC is 50 chars, outside the 60-80 window | brand unresolved: every brand column held a placeholder and no alias was found in the description"
729,0.541,MWUG36010525,MWUG36010525 BLK XL Aerial Snow Heated Glove,,,Safety & Personal Protection>Hand Protection>Work Gloves,"MWUG36010525 Work Gloves, Black",WORK GLOVES BLK,15,"Work Gloves, MWUG36010525, Black, Work Gloves, PPE",50,"BRAND_NAME is empty | MANUFACTURER_NAME is empty | MOBILE_DESC is 50 chars, outside the 60-80 window | brand unresolved: every brand column held a placeholder and no alias was found in the description"
730,0.541,MWUG36010625,MWUG36010625 BLK 2X Aerial Snow Heated Glove,,,Safety & Personal Protection>Hand Protection>Work Gloves,"MWUG36010625 Work Gloves, Black",WORK GLOVES BLK,15,"Work Gloves, MWUG36010625, Black, Work Gloves, PPE",50,"BRAND_NAME is empty | MANUFACTURER_NAME is empty | MOBILE_DESC is 50 chars, outside the 60-80 window | brand unresolved: every brand column held a placeholder and no alias was found in the description"
78,0.541,PTD70GBPTDG,PTD70GBPTDG GE Gas Dryer DG,,,Appliances & Consumer Electronics>Laundry Appliances>Dryers,"PTD70GBPTDG Dryer, Gas Fuel",DRYER GAS,9,"Dryer, PTD70GBPTDG, Gas Fuel, Dryers, Large Appliances",54,"BRAND_NAME is empty | MANUFACTURER_NAME is empty | MOBILE_DESC is 54 chars, outside the 60-80 window | brand unresolved: every brand column held a placeholder and no alias was found in the description"
96,0.542,38-E,Dark Chocolate 38-E Mortar - Type N,,,Building Materials & Millwork>Concrete & Masonry>Mortar & Grout,38-E Mortar,MORTAR,6,"Mortar, 38-E, Mortar & Grout, Masonry",37,"BRAND_NAME is empty | MANUFACTURER_NAME is empty | MOBILE_DESC is 37 chars, outside the 60-80 window | brand unresolved: every brand column held a placeholder and no alias was found in the description"
97,0.542,59-J,Light Buff 59-J Mortar - Type N,,,Building Materials & Millwork>Concrete & Masonry>Mortar & Grout,59-J Mortar,MORTAR,6,"Mortar, 59-J, Mortar & Grout, Masonry",37,"BRAND_NAME is empty | MANUFACTURER_NAME is empty | MOBILE_DESC is 37 chars, outside the 60-80 window | brand unresolved: every brand column held a placeholder and no alias was found in the description"
98,0.542,44-A,Light Chocolate 44-A Mortar - Type N,,,Building Materials & Millwork>Concrete & Masonry>Mortar & Grout,44-A Mortar,MORTAR,6,"Mortar, 44-A, Mortar & Grout, Masonry",37,"BRAND_NAME is empty | MANUFACTURER_NAME is empty | MOBILE_DESC is 37 chars, outside the 60-80 window | brand unresolved: every brand column held a placeholder and no alias was found in the description"
771,0.542,MID6630201US,MID6630201US Deos663XCV Sander,,,Tools & Equipment>Power Tools>Sanders,MID6630201US Sander,SANDER,6,"Sander, MID6630201US, Sanders, Power Tools",42,"BRAND_NAME is empty | MANUFACTURER_NAME is empty | MOBILE_DESC is 42 chars, outside the 60-80 window | brand unresolved: every brand column held a placeholder and no alias was found in the description"
95,0.543,25-A,Charcoal Black 25-A Mortar - Type N,,,Building Materials & Millwork>Concrete & Masonry>Mortar & Grout,"25-A Mortar, Charcoal",MORTAR CHARCOAL,15,"Mortar, 25-A, Charcoal, Mortar & Grout, Masonry",47,"BRAND_NAME is empty | MANUFACTURER_NAME is empty | MOBILE_DESC is 47 chars, outside the 60-80 window | brand unresolved: every brand column held a placeholder and no alias was found in the description"
705,0.543,XB11PCVS,XB11PCVS Edge Safety Glasses - Photochromic Lense,,,Safety & Personal Protection>Eye Protection>Safety Glasses,"XB11PCVS Safety Glasses, Glass",SAFETY GLASSES GLASS,20,"Safety Glasses, XB11PCVS, Glass, Safety Glasses, PPE",52,"BRAND_NAME is empty | MANUFACTURER_NAME is empty | MOBILE_DESC is 52 chars, outside the 60-80 window | brand unresolved: every brand column held a placeholder and no alias was found in the description"
703,0.544,XPAP418,XPAP418 Edge Safety Glasses - Pumori Black Frame,,,Safety & Personal Protection>Eye Protection>Safety Glasses,"XPAP418 Safety Glasses, Glass, Black",SAFETY GLASSES GLASS BLK,24,"Safety Glasses, XPAP418, Glass, Black, Safety Glasses, PPE",58,"BRAND_NAME is empty | MANUFACTURER_NAME is empty | MOBILE_DESC is 58 chars, outside the 60-80 window | brand unresolved: every brand column held a placeholder and no alias was found in the description"
704,0.544,XDAP419,XDAP419 Edge Safety Glasses - Dawson Black Frame Red Lenses,,,Safety & Personal Protection>Eye Protection>Safety Glasses,"XDAP419 Safety Glasses, Glass, Black",SAFETY GLASSES GLASS BLK,24,"Safety Glasses, XDAP419, Glass, Black, Safety Glasses, PPE",58,"BRAND_NAME is empty | MANUFACTURER_NAME is empty | MOBILE_DESC is 58 chars, outside the 60-80 window | brand unresolved: every brand column held a placeholder and no alias was found in the description"
706,0.544,KB121VS,KB121VS Edge Safety Glasses - Kabru Black Frame,,,Safety & Personal Protection>Eye Protection>Safety Glasses,"KB121VS Safety Glasses, Glass, Black",SAFETY GLASSES GLASS BLK,24,"Safety Glasses, KB121VS, Glass, Black, Safety Glasses, PPE",58,"BRAND_NAME is empty | MANUFACTURER_NAME is empty | MOBILE_DESC is 58 chars, outside the 60-80 window | brand unresolved: every brand column held a placeholder and no alias was found in the description"
707,0.544,KB126VS,KB126VS Edge Safety Glasses - Kabru Black Frame,,,Safety & Personal Protection>Eye Protection>Safety Glasses,"KB126VS Safety Glasses, Glass, Black",SAFETY GLASSES GLASS BLK,24,"Safety Glasses, KB126VS, Glass, Black, Safety Glasses, PPE",58,"BRAND_NAME is empty | MANUFACTURER_NAME is empty | MOBILE_DESC is 58 chars, outside the 60-80 window | brand unresolved: every brand column held a placeholder and no alias was found in the description"
708,0.544,TC121VS,TC121VS Edge Safety Glasses - Tacana Black Frame,,,Safety & Personal Protection>Eye Protection>Safety Glasses,"TC121VS Safety Glasses, Glass, Black",SAFETY GLASSES GLASS BLK,24,"Safety Glasses, TC121VS, Glass, Black, Safety Glasses, PPE",58,"BRAND_NAME is empty | MANUFACTURER_NAME is empty | MOBILE_DESC is 58 chars, outside the 60-80 window | brand unresolved: every brand column held a placeholder and no alias was found in the description"
709,0.544,TC126VS,TC126VS Edge Safety Glasses - Tacana Black Frame,,,Safety & Personal Protection>Eye Protection>Safety Glasses,"TC126VS Safety Glasses, Glass, Black",SAFETY GLASSES GLASS BLK,24,"Safety Glasses, TC126VS, Glass, Black, Safety Glasses, PPE",58,"BRAND_NAME is empty | MANUFACTURER_NAME is empty | MOBILE_DESC is 58 chars, outside the 60-80 window | brand unresolved: every brand column held a placeholder and no alias was found in the description"
697,0.58,1624157,TW52 WH INSIDE CAS VIN WRAPPED,ANDERSEN,ANDERSEN,,"ANDERSEN 1624157 CAS VIN WRAPPED, White",CAS VIN WRAPPED WHT,19,"ANDERSEN, CAS VIN WRAPPED, 1624157, White",41,"Classpath is empty | MOBILE_DESC is 41 chars, outside the 60-80 window | no taxonomy match, so the attribute contract and all five descriptions fall back to the generic template"
585,0.58,NEB-FLT-1021,NEBFLT1021 Slyde King FlashLt,King Canada,King Canada,,King Canada NEB-FLT-1021 Slyde King FlashLt,SLYDE KING FLASHLT,18,"King Canada, Slyde King FlashLt, NEB-FLT-1021",45,"Classpath is empty | MOBILE_DESC is 45 chars, outside the 60-80 window | no taxonomy match, so the attribute contract and all five descriptions fall back to the generic template"
911,0.58,230.312.08,230.312.08 CMT Locked Dado Pro Set,CMT,CMT,,CMT 230.312.08 Dado Pro Set,DADO PRO SET,12,"CMT, Dado Pro Set, 230.312.08",29,"Classpath is empty | MOBILE_DESC is 29 chars, outside the 60-80 window | no taxonomy match, so the attribute contract and all five descriptions fall back to the generic template"
602,0.58,PBUC013,PBUC013 15A Wall Tap w/USB,Prime,Prime,,Prime PBUC013 Wall Tap USB,WALL TAP USB 15A,16,"Prime, Wall Tap USB, PBUC013, 15 A",34,"Classpath is empty | MOBILE_DESC is 34 chars, outside the 60-80 window | no taxonomy match, so the attribute contract and all five descriptions fall back to the generic template"
775,0.58,21839NN,"21839NN File Bstd Mill 10""",Nicholson,Nicholson,,"Nicholson 21839NN File Bstd Mill, 10 in Width",FILE BSTD MILL 10IN,19,"Nicholson, File Bstd Mill, 21839NN, 10 in Width",47,"Classpath is empty | MOBILE_DESC is 47 chars, outside the 60-80 window | no taxonomy match, so the attribute contract and all five descriptions fall back to the generic template"
940,0.58,KPTJS100A,KPTJS100A Kreg 20V Ionic Barrel Grip Jigsaw,Kreg®,Kreg Tool Company,,Kreg® KPTJS100A Barrel Grip Jigsaw,BARREL GRIP JIGSAW 20V,22,"Kreg Tool Company Kreg, Barrel Grip Jigsaw, KPTJS100A, 20 V",59,"Classpath is empty | MOBILE_DESC is 59 chars, outside the 60-80 window | no taxonomy match, so the attribute contract and all five descriptions fall back to the generic template"
582,0.581,59025BK,59025BK Kichler Post Lt,Kichler®,Kichler Lighting LLC,,Kichler® 59025BK Kichler Post Light,KICHLER POST LIGHT,18,"Kichler Lighting LLC Kichler, Kichler Post Light, 59025BK",57,"Classpath is empty | MOBILE_DESC is 57 chars, outside the 60-80 window | no taxonomy match, so the attribute contract and all five descriptions fall back to the generic template"
814,0.581,DCD799B,DCD799B Dewalt Drill,DEWALT®,Stanley Black & Decker Inc,,DEWALT® DCD799B Dewalt Drill,DEWALT DRILL,12,"Stanley Black & Decker Inc DEWALT, Dewalt Drill, DCD799B",56,"Classpath is empty | MOBILE_DESC is 56 chars, outside the 60-80 window | no taxonomy match, so the attribute contract and all five descriptions fall back to the generic template"
904,0.581,578192,578192 Festool D 150 GR SYS - Systainer Abrasive Set,Festool®,Festool USA,,Festool® 578192 Systainer Abrasive Set,SYSTAINER ABR SET,17,"Festool USA Festool, Systainer Abrasive Set, 578192",51,"Classpath is empty | MOBILE_DESC is 51 chars, outside the 60-80 window | no taxonomy match, so the attribute contract and all five descriptions fall back to the generic template"
905,0.581,578806,578806 Festool Delta S GR PRO/10,Festool®,Festool USA,,Festool® 578806 Delta GR PRO,DELTA GR PRO,12,"Festool USA Festool, Delta GR PRO, 578806",41,"Classpath is empty | MOBILE_DESC is 41 chars, outside the 60-80 window | no taxonomy match, so the attribute contract and all five descriptions fall back to the generic template"
587,0.581,97708,97708 Police 800L Headlight,Police Security,Police Security,,Police Security 97708 Police Headlight,POLICE HEADLIGHT,16,"Police Security, Police Headlight, 97708",40,"Classpath is empty | MOBILE_DESC is 40 chars, outside the 60-80 window | no taxonomy match, so the attribute contract and all five descriptions fall back to the generic template"
715,0.581,1046870,1046870 Smoke & CO Alarm,BRK,BRK,,BRK 1046870 Smoke CO Alarm,SMOKE CO ALARM,14,"BRK, Smoke CO Alarm, 1046870",28,"Classpath is empty | MOBILE_DESC is 28 chars, outside the 60-80 window | no taxonomy match, so the attribute contract and all five descriptions fall back to the generic template"
459,0.582,S3720,S3720 40w Inc A15 Med 26k,Satco®,Satco Products Inc,,Satco® S3720 Inc Med,INC MED 40W,11,"Satco Products Inc Satco, Inc Med, S3720, 40 W",46,"Classpath is empty | MOBILE_DESC is 46 chars, outside the 60-80 window | no taxonomy match, so the attribute contract and all five descriptions fall back to the generic template"
778,0.583,DWHT10993,DWHT10993 Folding Knife,DEWALT®,Stanley Black & Decker Inc,,DEWALT® DWHT10993 Folding Knife,FOLDING KNIFE,13,"Stanley Black & Decker Inc DEWALT, Folding Knife, DWHT10993",59,"Classpath is empty | MOBILE_DESC is 59 chars, outside the 60-80 window | no taxonomy match, so the attribute contract and all five descriptions fall back to the generic template"
779,0.583,DWHT10994,DWHT10994 Folding Knife,DEWALT®,Stanley Black & Decker Inc,,DEWALT® DWHT10994 Folding Knife,FOLDING KNIFE,13,"Stanley Black & Decker Inc DEWALT, Folding Knife, DWHT10994",59,"Classpath is empty | MOBILE_DESC is 59 chars, outside the 60-80 window | no taxonomy match, so the attribute contract and all five descriptions fall back to the generic template"
639,0.637,CES700P3MD1,"CES700P3MD1 Cafe 30"" Range Bk - Display",,,Appliances & Consumer Electronics>Kitchen Appliances>Ranges,"CES700P3MD1 Range, Black, 30 in Width",RANGE BLK 30IN,14,"Range, CES700P3MD1, Black, 30 in Width, Ranges, Large Appliances",64,BRAND_NAME is empty | MANUFACTURER_NAME is empty | brand unresolved: every brand column held a placeholder and no alias was found in the description
109,0.637,73045028,Custom Finyline Wh Gate Sq Bal,,,Tools & Equipment>Hand Tools>Layout & Measuring,"73045028 Measuring Tool, White",MEASURING TOOL WHT,18,"Measuring Tool, 73045028, White, Layout & Measuring, Hand Tools",63,BRAND_NAME is empty | MANUFACTURER_NAME is empty | brand unresolved: every brand column held a placeholder and no alias was found in the description
638,0.638,PEP9030DTBB,"PEP9030DTBB 30"" GE Cooktop Bk",,,Appliances & Consumer Electronics>Kitchen Appliances>Cooktops,"PEP9030DTBB Cooktop, Black, 30 in Width",COOKTOP BLK 30IN,16,"Cooktop, PEP9030DTBB, Black, 30 in Width, Cooktops, Large Appliances",68,BRAND_NAME is empty | MANUFACTURER_NAME is empty | brand unresolved: every brand column held a placeholder and no alias was found in the description
279,0.638,73018076,4x4 Wh Flat Post Cap RDI,,,Building Materials & Millwork>Decking & Railing>Posts & Post Caps,"73018076 Post, 4 in Nominal Width, 4 in Length",POST 4IN 4IN,12,"Post, 73018076, 4 in Nominal Width, 4 in Length, 4 in x 4 in",60,BRAND_NAME is empty | MANUFACTURER_NAME is empty | brand unresolved: every brand column held a placeholder and no alias was found in the description
342,0.638,1728ABL,2x2 Black Fine Fissured 1728BL,,,Building Materials & Millwork>Ceilings>Acoustical Ceiling Tile,"1728ABL Ceiling Tile, Black, 2 in Nominal Width, 2 in Length, Mineral Fiber",CEILING TILE BLK 2IN 2IN,24,"Ceiling Tile, 1728ABL, Black, 2 in Nominal Width, 2 in Length",61,BRAND_NAME is empty | MANUFACTURER_NAME is empty | brand unresolved: every brand column held a placeholder and no alias was found in the description
280,0.638,61109087,Wh 4x4-39 Blank Post RDI,,,Building Materials & Millwork>Decking & Railing>Posts & Post Caps,"61109087 Post, 4 in Nominal Thickness, 4 in Nominal Width, 39 ft Length",POST 4IN 39FT,13,"Post, 61109087, 4 in Nominal Thickness, 4 in Nominal Width, 39 ft Length",72,BRAND_NAME is empty | MANUFACTURER_NAME is empty | brand unresolved: every brand column held a placeholder and no alias was found in the description
275,0.638,73012503,4x4 Wh Heritage Post Trim RDI,,,Building Materials & Millwork>Decking & Railing>Posts & Post Caps,"73012503 Post, 4 in Nominal Width, 4 in Length",POST 4IN 4IN,12,"Post, 73012503, 4 in Nominal Width, 4 in Length, 4 in x 4 in",60,BRAND_NAME is empty | MANUFACTURER_NAME is empty | brand unresolved: every brand column held a placeholder and no alias was found in the description
276,0.638,73018131,6x6 Wh Elite Post Trim 4pc RDI,,,Building Materials & Millwork>Decking & Railing>Posts & Post Caps,"73018131 Post, 6 in Nominal Width, 6 in Length",POST 6IN 6IN,12,"Post, 73018131, 6 in Nominal Width, 6 in Length, 6 in x 6 in",60,BRAND_NAME is empty | MANUFACTURER_NAME is empty | brand unresolved: every brand column held a placeholder and no alias was found in the description
277,0.638,73018091,4x4 Wh Elite Post Trim RDI,,,Building Materials & Millwork>Decking & Railing>Posts & Post Caps,"73018091 Post, 4 in Nominal Width, 4 in Length",POST 4IN 4IN,12,"Post, 73018091, 4 in Nominal Width, 4 in Length, 4 in x 4 in",60,BRAND_NAME is empty | MANUFACTURER_NAME is empty | brand unresolved: every brand column held a placeholder and no alias was found in the description
278,0.638,73018066,Clay 6x6 Elite Post Trim RDI - 4pc,,,Building Materials & Millwork>Decking & Railing>Posts & Post Caps,"73018066 Post, 6 in Nominal Width, 6 in Length",POST 6IN 6IN,12,"Post, 73018066, 6 in Nominal Width, 6 in Length, 6 in x 6 in",60,BRAND_NAME is empty | MANUFACTURER_NAME is empty | brand unresolved: every brand column held a placeholder and no alias was found in the description
281,0.639,73018731,Wh 6x6-108 Post Sleeve RDI,,,Building Materials & Millwork>Decking & Railing>Posts & Post Caps,"73018731 Post, 6 in Nominal Thickness, 6 in Nominal Width, 108 ft Length",POST 6IN 108FT,14,"Post, 73018731, 6 in Nominal Thickness, 6 in Nominal Width, 108 ft Length",73,BRAND_NAME is empty | MANUFACTURER_NAME is empty | brand unresolved: every brand column held a placeholder and no alias was found in the description
282,0.639,61109090,Wh 4x4-108 Post Sleeve RDI,,,Building Materials & Millwork>Decking & Railing>Posts & Post Caps,"61109090 Post, 4 in Nominal Thickness, 4 in Nominal Width, 108 ft Length",POST 4IN 108FT,14,"Post, 61109090, 4 in Nominal Thickness, 4 in Nominal Width, 108 ft Length",73,BRAND_NAME is empty | MANUFACTURER_NAME is empty | brand unresolved: every brand column held a placeholder and no alias was found in the description
283,0.639,73053603,Clay 4x4-108 Post Sleeve RDI,,,Building Materials & Millwork>Decking & Railing>Posts & Post Caps,"73053603 Post, 4 in Nominal Thickness, 4 in Nominal Width, 108 ft Length",POST 4IN 108FT,14,"Post, 73053603, 4 in Nominal Thickness, 4 in Nominal Width, 108 ft Length",73,BRAND_NAME is empty | MANUFACTURER_NAME is empty | brand unresolved: every brand column held a placeholder and no alias was found in the description
284,0.639,73053608,Clay 6x6-108 Post Sleeve RDI,,,Building Materials & Millwork>Decking & Railing>Posts & Post Caps,"73053608 Post, 6 in Nominal Thickness, 6 in Nominal Width, 108 ft Length",POST 6IN 108FT,14,"Post, 73053608, 6 in Nominal Thickness, 6 in Nominal Width, 108 ft Length",73,BRAND_NAME is empty | MANUFACTURER_NAME is empty | brand unresolved: every brand column held a placeholder and no alias was found in the description
632,0.639,WOSP30100SS,WOSP30100SS Beko Wall Oven SS,,,Appliances & Consumer Electronics>Kitchen Appliances>Wall Ovens,"WOSP30100SS Wall Oven, Stainless Steel",WALL OVEN SST,13,"Wall Oven, WOSP30100SS, Stainless Steel, Wall Ovens, Large Appliances",69,BRAND_NAME is empty | MANUFACTURER_NAME is empty | brand unresolved: every brand column held a placeholder and no alias was found in the description
296,0.639,SPB-44BPL,"Patriot 4""x4""x37""/43"" Adjustable Self Leveling Support Post",,,Building Materials & Millwork>Decking & Railing>Posts & Post Caps,"SPB-44BPL Post, 4 in Nominal Thickness, 4 in Nominal Width, 37 in Length",POST 4IN 37IN,13,"Post, SPB-44BPL, 4 in Nominal Thickness, 4 in Nominal Width, 37 in Length",73,BRAND_NAME is empty | MANUFACTURER_NAME is empty | brand unresolved: every brand column held a placeholder and no alias was found in the description
328,0.639,2733,3'x65' Henry Eaveguard - Ice Guard,,,Building Materials & Millwork>Roofing>Underlayment & Ice Barrier,"2733 Roofing Underlayment, 3 ft Nominal Width, 65 ft Length",ROOFING UNDERLAYMENT 3FT 65FT,29,"Roofing Underlayment, 2733, 3 ft Nominal Width, 65 ft Length",60,BRAND_NAME is empty | MANUFACTURER_NAME is empty | brand unresolved: every brand column held a placeholder and no alias was found in the description
329,0.64,7547,Ice Guard OC Weathr Lk Mat 2sq,,,Building Materials & Millwork>Roofing>Underlayment & Ice Barrier,7547 Roofing Underlayment,ROOFING UNDERLAYMENT,20,"Roofing Underlayment, 7547, Underlayment & Ice Barrier, Roofing",63,BRAND_NAME is empty | MANUFACTURER_NAME is empty | brand unresolved: every brand column held a placeholder and no alias was found in the description
931,0.64,JT1-549,"JT1-549 JWBS18SFX 18"" Bandsaw - 1.75HP 1PH 115V",,,Tools & Equipment>Power Tools>Band Saws,"JT1-549 Bandsaw, Corded Electric Power Source, 115 V, 1.75 HP Motor Power, 18 in Blade or Wheel Size",BANDSAW CORDED ELEC 115V 1.75HP,31,"Bandsaw, JT1-549, Corded Electric Power Source, 115 V, 1.75 HP Motor Power",74,BRAND_NAME is empty | MANUFACTURER_NAME is empty | brand unresolved: every brand column held a placeholder and no alias was found in the description
633,0.641,MSER2090S,MSER2090S LG Microwave SS,,,Appliances & Consumer Electronics>Kitchen Appliances>Microwave Ovens,"MSER2090S Microwave Oven, Stainless Steel",MICROWAVE OVEN SST,18,"Microwave Oven, MSER2090S, Stainless Steel, Microwave Ovens, Large Appliances",77,BRAND_NAME is empty | MANUFACTURER_NAME is empty | brand unresolved: every brand column held a placeholder and no alias was found in the description
634,0.641,GCST16S1WSS,GCST16S1WSS GE Microwave SS,,,Appliances & Consumer Electronics>Kitchen Appliances>Microwave Ovens,"GCST16S1WSS Microwave Oven, Stainless Steel",MICROWAVE OVEN SST,18,"Microwave Oven, GCST16S1WSS, Stainless Steel, Microwave Ovens",61,BRAND_NAME is empty | MANUFACTURER_NAME is empty | brand unresolved: every brand column held a placeholder and no alias was found in the description
636,0.641,SMC2266KS,SMC2266KS Microwave SS Display Only,,,Appliances & Consumer Electronics>Kitchen Appliances>Microwave Ovens,"SMC2266KS Microwave Oven, Stainless Steel",MICROWAVE OVEN SST,18,"Microwave Oven, SMC2266KS, Stainless Steel, Microwave Ovens, Large Appliances",77,BRAND_NAME is empty | MANUFACTURER_NAME is empty | brand unresolved: every brand column held a placeholder and no alias was found in the description
649,0.641,CVM517P3RD1,CVM517P3RD1 Cafe Microwave Bk - Display,,,Appliances & Consumer Electronics>Kitchen Appliances>Microwave Ovens,"CVM517P3RD1 Microwave Oven, Black",MICROWAVE OVEN BLK,18,"Microwave Oven, CVM517P3RD1, Black, Microwave Ovens, Large Appliances",69,BRAND_NAME is empty | MANUFACTURER_NAME is empty | brand unresolved: every brand column held a placeholder and no alias was found in the description
650,0.641,PMOS1980AF,PMOS1980AF OTR Microwave SS - Display Only,,,Appliances & Consumer Electronics>Kitchen Appliances>Microwave Ovens,"PMOS1980AF Microwave Oven, Stainless Steel",MICROWAVE OVEN SST,18,"Microwave Oven, PMOS1980AF, Stainless Steel, Microwave Ovens",60,BRAND_NAME is empty | MANUFACTURER_NAME is empty | brand unresolved: every brand column held a placeholder and no alias was found in the description
652,0.641,KMMF530PBE,KMMF530PBE OTR Microwave BO Display Only,,,Appliances & Consumer Electronics>Kitchen Appliances>Microwave Ovens,"KMMF530PBE Microwave Oven, Black",MICROWAVE OVEN BLK,18,"Microwave Oven, KMMF530PBE, Black, Microwave Ovens, Large Appliances",68,BRAND_NAME is empty | MANUFACTURER_NAME is empty | brand unresolved: every brand column held a placeholder and no alias was found in the description
76,0.641,WKE100HWA,WKE100HWA LG Laundry Center Wh - Display,,,Appliances & Consumer Electronics>Laundry Appliances>Laundry Centers,"WKE100HWA Laundry Center, White",LAUNDRY CENTER WHT,18,"Laundry Center, WKE100HWA, White, Laundry Centers, Large Appliances",67,BRAND_NAME is empty | MANUFACTURER_NAME is empty | brand unresolved: every brand column held a placeholder and no alias was found in the description
310,0.642,653258,"5/8"" 4x9 Drywall Firelite",,,Building Materials & Millwork>Panels & Sheet Goods>Drywall & Gypsum Board,"653258 Drywall Panel, 5/8 in Nominal Thickness, 4 in Nominal Width, 9 in Length, Gypsum",DRYWALL PANEL 5/8IN 4IN 9IN,27,"Drywall Panel, 653258, 5/8 in Nominal Thickness, 4 in Nominal Width",67,BRAND_NAME is empty | MANUFACTURER_NAME is empty | brand unresolved: every brand column held a placeholder and no alias was found in the description
60,0.642,KDFM404KPS,KDFM404KPS Dishwasher SS,,,Appliances & Consumer Electronics>Kitchen Appliances>Built-In Dishwashers,"KDFM404KPS Dishwasher, Built-in Mounting, Stainless Steel",DISHWASHER BLTLN SST,20,"Dishwasher, KDFM404KPS, Built-in Mounting, Stainless Steel, Built-In Dishwashers",80,BRAND_NAME is empty | MANUFACTURER_NAME is empty | brand unresolved: every brand column held a placeholder and no alias was found in the description
61,0.642,PDSH4816AF,PDSH4816AF Dishwasher SS - Display Only,,,Appliances & Consumer Electronics>Kitchen Appliances>Built-In Dishwashers,"PDSH4816AF Dishwasher, Built-in Mounting, Stainless Steel",DISHWASHER BLTLN SST,20,"Dishwasher, PDSH4816AF, Built-in Mounting, Stainless Steel, Built-In Dishwashers",80,BRAND_NAME is empty | MANUFACTURER_NAME is empty | brand unresolved: every brand column held a placeholder and no alias was found in the description
62,0.642,PDT715SYVFS,PDT715SYVFS Ge Dishwasher SS,,,Appliances & Consumer Electronics>Kitchen Appliances>Built-In Dishwashers,"PDT715SYVFS Dishwasher, Built-in Mounting, Stainless Steel",DISHWASHER BLTLN SST,20,"Dishwasher, PDT715SYVFS, Built-in Mounting, Stainless Steel, Large Appliances",77,BRAND_NAME is empty | MANUFACTURER_NAME is empty | brand unresolved: every brand column held a placeholder and no alias was found in the description
63,0.642,LDPH5554D,LDPH5554D LG Dishwasher BSS,,,Appliances & Consumer Electronics>Kitchen Appliances>Built-In Dishwashers,"LDPH5554D Dishwasher, Built-in Mounting, Black Stainless Steel",DISHWASHER BLTLN BSST,21,"Dishwasher, LDPH5554D, Built-in Mounting, Black Stainless Steel",63,BRAND_NAME is empty | MANUFACTURER_NAME is empty | brand unresolved: every brand column held a placeholder and no alias was found in the description
64,0.642,WDTS7024RZ,WDTS7024RZ Dishwasher SS - Display Only,,,Appliances & Consumer Electronics>Kitchen Appliances>Built-In Dishwashers,"WDTS7024RZ Dishwasher, Built-in Mounting, Stainless Steel",DISHWASHER BLTLN SST,20,"Dishwasher, WDTS7024RZ, Built-in Mounting, Stainless Steel, Built-In Dishwashers",80,BRAND_NAME is empty | MANUFACTURER_NAME is empty | brand unresolved: every brand column held a placeholder and no alias was found in the description
65,0.642,PDD415PYYFS,PDD415PYYFS GE Dishwasher SS,,,Appliances & Consumer Electronics>Kitchen Appliances>Built-In Dishwashers,"PDD415PYYFS Dishwasher, Built-in Mounting, Stainless Steel",DISHWASHER BLTLN SST,20,"Dishwasher, PDD415PYYFS, Built-in Mounting, Stainless Steel, Large Appliances",77,BRAND_NAME is empty | MANUFACTURER_NAME is empty | brand unresolved: every brand column held a placeholder and no alias was found in the description
66,0.642,KDTS424SBE,KDTS424SBE Kitchen Aid Dishwasher Bk,,,Appliances & Consumer Electronics>Kitchen Appliances>Built-In Dishwashers,"KDTS424SBE Dishwasher, Built-in Mounting, Black",DISHWASHER BLTLN BLK,20,"Dishwasher, KDTS424SBE, Built-in Mounting, Black, Built-In Dishwashers",70,BRAND_NAME is empty | MANUFACTURER_NAME is empty | brand unresolved: every brand column held a placeholder and no alias was found in the description
67,0.642,KDTS324SPS,KDTS324SPS Kitchen Aid Dishwasher SS,,,Appliances & Consumer Electronics>Kitchen Appliances>Built-In Dishwashers,"KDTS324SPS Dishwasher, Built-in Mounting, Stainless Steel",DISHWASHER BLTLN SST,20,"Dishwasher, KDTS324SPS, Built-in Mounting, Stainless Steel, Built-In Dishwashers",80,BRAND_NAME is empty | MANUFACTURER_NAME is empty | brand unresolved: every brand column held a placeholder and no alias was found in the description
69,0.642,KDTS624SBE,KDTS624SBE Dishwasher BO Display Only,,,Appliances & Consumer Electronics>Kitchen Appliances>Built-In Dishwashers,"KDTS624SBE Dishwasher, Built-in Mounting, Black",DISHWASHER BLTLN BLK,20,"Dishwasher, KDTS624SBE, Built-in Mounting, Black, Built-In Dishwashers",70,BRAND_NAME is empty | MANUFACTURER_NAME is empty | brand unresolved: every brand column held a placeholder and no alias was found in the description
593,0.642,12-4 SO,12-4 SO Cord (Linear Foot),,,Electrical & Lighting>Wire & Cable>Portable Cord,"12-4 SO Portable Cord, SO Insulation",PORTABLE CORD,13,"Portable Cord, 12-4 SO, SO Insulation, Stranded Conductor Strand",64,BRAND_NAME is empty | MANUFACTURER_NAME is empty | brand unresolved: every brand column held a placeholder and no alias was found in the description
309,0.642,640383,"1/2"" 54""x10 Drywall Easi-Lite",,,Building Materials & Millwork>Panels & Sheet Goods>Drywall & Gypsum Board,"640383 Drywall Panel, 1/2 in Nominal Thickness, 54 in Length, Gypsum",DRYWALL PANEL 1/2IN 54IN,24,"Drywall Panel, 640383, 1/2 in Nominal Thickness, 54 in Length",61,BRAND_NAME is empty | MANUFACTURER_NAME is empty | brand unresolved: every brand column held a placeholder and no alias was found in the description
339,0.642,1506969,"1-1/2"" 4x8 Huber Zip R6.6 - Insulated R-Sheathing",,,Building Materials & Millwork>Panels & Sheet Goods>Sheathing & Panels,"1506969 Sheathing Panel, 1-1/2 in Nominal Thickness, 4 in Nominal Width, 8 in Length",SHEATHING PANEL 1-1/2IN 4IN 8IN,31,"Sheathing Panel, 1506969, 1-1/2 in Nominal Thickness, 4 in Nominal Width",72,BRAND_NAME is empty | MANUFACTURER_NAME is empty | brand unresolved: every brand column held a placeholder and no alias was found in the description
340,0.642,1514681,"1"" 4x8 Huber Zip R3.6 - Insulated R-Sheathing",,,Building Materials & Millwork>Panels & Sheet Goods>Sheathing & Panels,"1514681 Sheathing Panel, 1 in Nominal Thickness, 4 in Nominal Width, 8 in Length",SHEATHING PANEL 1IN 4IN 8IN,27,"Sheathing Panel, 1514681, 1 in Nominal Thickness, 4 in Nominal Width",68,BRAND_NAME is empty | MANUFACTURER_NAME is empty | brand unresolved: every brand column held a placeholder and no alias was found in the description
341,0.642,1514726,"2"" 4x8 Huber Zip R9.6 - Insulated R-Sheathing",,,Building Materials & Millwork>Panels & Sheet Goods>Sheathing & Panels,"1514726 Sheathing Panel, 2 in Nominal Thickness, 4 in Nominal Width, 8 in Length",SHEATHING PANEL 2IN 4IN 8IN,27,"Sheathing Panel, 1514726, 2 in Nominal Thickness, 4 in Nominal Width",68,BRAND_NAME is empty | MANUFACTURER_NAME is empty | brand unresolved: every brand column held a placeholder and no alias was found in the description
297,0.642,925219,"2""x50' Deck Joist Tape - Protecto Wrap",,,Building Materials & Millwork>Sealants & Adhesives>Deck Joist Tape,"925219 Deck Joist Tape, 2 in Width, 50 ft Length",DECK JOIST TAPE 2IN 50FT,24,"Deck Joist Tape, 925219, 2 in Width, 50 ft Length, 2 in x 50 ft",63,BRAND_NAME is empty | MANUFACTURER_NAME is empty | brand unresolved: every brand column held a placeholder and no alias was found in the description
641,0.642,PB900YVFS,"PB900YVFS Elect 30"" Range SS",,,Appliances & Consumer Electronics>Kitchen Appliances>Ranges,"PB900YVFS Range, Stainless Steel, 30 in Width",RANGE SST 30IN,14,"Range, PB900YVFS, Stainless Steel, 30 in Width, Ranges, Large Appliances",72,BRAND_NAME is empty | MANUFACTURER_NAME is empty | brand unresolved: every brand column held a placeholder and no alias was found in the description
642,0.642,PCFE3080AF,"PCFE3080AF 30"" Elect Range SS - Display Only",,,Appliances & Consumer Electronics>Kitchen Appliances>Ranges,"PCFE3080AF Range, Stainless Steel, 30 in Width",RANGE SST 30IN,14,"Range, PCFE3080AF, Stainless Steel, 30 in Width, Ranges, Large Appliances",73,BRAND_NAME is empty | MANUFACTURER_NAME is empty | brand unresolved: every brand column held a placeholder and no alias was found in the description
643,0.642,SLER30524SS,"SLER30524SS 30"" Elect Range SS",,,Appliances & Consumer Electronics>Kitchen Appliances>Ranges,"SLER30524SS Range, Stainless Steel, 30 in Width",RANGE SST 30IN,14,"Range, SLER30524SS, Stainless Steel, 30 in Width, Ranges, Large Appliances",74,BRAND_NAME is empty | MANUFACTURER_NAME is empty | brand unresolved: every brand column held a placeholder and no alias was found in the description
645,0.642,KSES530SBE,"KSES530SBE 30"" Elect Range BO Display Only",,,Appliances & Consumer Electronics>Kitchen Appliances>Ranges,"KSES530SBE Range, Black, 30 in Width",RANGE BLK 30IN,14,"Range, KSES530SBE, Black, 30 in Width, Ranges, Large Appliances",63,BRAND_NAME is empty | MANUFACTURER_NAME is empty | brand unresolved: every brand column held a placeholder and no alias was found in the description
660,0.642,GNE27JYMFS,GNE27JYMFS GE Fridge SS,,,Appliances & Consumer Electronics>Kitchen Appliances>Refrigerators,"GNE27JYMFS Refrigerator, Stainless Steel",REFRIG SST,10,"Refrigerator, GNE27JYMFS, Stainless Steel, Refrigerators, Large Appliances",74,BRAND_NAME is empty | MANUFACTURER_NAME is empty | brand unresolved: every brand column held a placeholder and no alias was found in the description
661,0.642,CVE28DP3ND1,CVE28DP3ND1 Cafe Fridge Bk,,,Appliances & Consumer Electronics>Kitchen Appliances>Refrigerators,"CVE28DP3ND1 Refrigerator, Black",REFRIG BLK,10,"Refrigerator, CVE28DP3ND1, Black, Refrigerators, Large Appliances",65,BRAND_NAME is empty | MANUFACTURER_NAME is empty | brand unresolved: every brand column held a placeholder and no alias was found in the description
663,0.642,PRFS2883AF,"PRFS2883AF 36"" Fridge SS - Display Only",,,Appliances & Consumer Electronics>Kitchen Appliances>Refrigerators,"PRFS2883AF Refrigerator, Stainless Steel",REFRIG SST,10,"Refrigerator, PRFS2883AF, Stainless Steel, Refrigerators, Large Appliances",74,BRAND_NAME is empty | MANUFACTURER_NAME is empty | brand unresolved: every brand column held a placeholder and no alias was found in the description
664,0.642,PAD28BYTFS,PAD28BYTFS GE Fridge SS,,,Appliances & Consumer Electronics>Kitchen Appliances>Refrigerators,"PAD28BYTFS Refrigerator, Stainless Steel",REFRIG SST,10,"Refrigerator, PAD28BYTFS, Stainless Steel, Refrigerators, Large Appliances",74,BRAND_NAME is empty | MANUFACTURER_NAME is empty | brand unresolved: every brand column held a placeholder and no alias was found in the description
665,0.642,PGE29BYTFS,PGE29BYTFS GE Fridge SS,,,Appliances & Consumer Electronics>Kitchen Appliances>Refrigerators,"PGE29BYTFS Refrigerator, Stainless Steel",REFRIG SST,10,"Refrigerator, PGE29BYTFS, Stainless Steel, Refrigerators, Large Appliances",74,BRAND_NAME is empty | MANUFACTURER_NAME is empty | brand unresolved: every brand column held a placeholder and no alias was found in the description
666,0.642,ERFD19CGCS,ERFD19CGCS Element Fridge SS,,,Appliances & Consumer Electronics>Kitchen Appliances>Refrigerators,"ERFD19CGCS Refrigerator, Stainless Steel",REFRIG SST,10,"Refrigerator, ERFD19CGCS, Stainless Steel, Refrigerators, Large Appliances",74,BRAND_NAME is empty | MANUFACTURER_NAME is empty | brand unresolved: every brand column held a placeholder and no alias was found in the description
667,0.642,LT18S2100W,LT18S2100W LG Fridge Wh,,,Appliances & Consumer Electronics>Kitchen Appliances>Refrigerators,"LT18S2100W Refrigerator, White",REFRIG WHT,10,"Refrigerator, LT18S2100W, White, Refrigerators, Large Appliances",64,BRAND_NAME is empty | MANUFACTURER_NAME is empty | brand unresolved: every brand column held a placeholder and no alias was found in the description
668,0.642,LT18S2100SS,LT18S2100S 18CF LG Fridge SS,,,Appliances & Consumer Electronics>Kitchen Appliances>Refrigerators,"LT18S2100SS Refrigerator, Stainless Steel",REFRIG SST,10,"Refrigerator, LT18S2100SS, Stainless Steel, Refrigerators, Large Appliances",75,BRAND_NAME is empty | MANUFACTURER_NAME is empty | brand unresolved: every brand column held a placeholder and no alias was found in the description
623,0.643,C7CDAAS4PW3,C7CDAAS4PW3 Café Drip Coffee Maker MW,,,Appliances & Consumer Electronics>Kitchen Appliances>Microwave Ovens,C7CDAAS4PW3 Microwave Oven,MICROWAVE OVEN,14,"Microwave Oven, C7CDAAS4PW3, Microwave Ovens, Large Appliances",62,BRAND_NAME is empty | MANUFACTURER_NAME is empty | brand unresolved: every brand column held a placeholder and no alias was found in the description
626,0.643,C7CDABS4RW3,C7CDABS4RW3 Café Coffee Maker MW,,,Appliances & Consumer Electronics>Kitchen Appliances>Microwave Ovens,C7CDABS4RW3 Microwave Oven,MICROWAVE OVEN,14,"Microwave Oven, C7CDABS4RW3, Microwave Ovens, Large Appliances",62,BRAND_NAME is empty | MANUFACTURER_NAME is empty | brand unresolved: every brand column held a placeholder and no alias was found in the description
635,0.643,PCWK15C1WSS,PCWK15C1WSS GE Microwave,,,Appliances & Consumer Electronics>Kitchen Appliances>Microwave Ovens,PCWK15C1WSS Microwave Oven,MICROWAVE OVEN,14,"Microwave Oven, PCWK15C1WSS, Microwave Ovens, Large Appliances",62,BRAND_NAME is empty | MANUFACTURER_NAME is empty | brand unresolved: every brand column held a placeholder and no alias was found in the description
655,0.643,C9TMA2S4PW3,C9TMA2S4PW3 Café Toaster MW,,,Appliances & Consumer Electronics>Kitchen Appliances>Microwave Ovens,C9TMA2S4PW3 Microwave Oven,MICROWAVE OVEN,14,"Microwave Oven, C9TMA2S4PW3, Microwave Ovens, Large Appliances",62,BRAND_NAME is empty | MANUFACTURER_NAME is empty | brand unresolved: every brand column held a placeholder and no alias was found in the description
314,0.643,1513577,1x8-12' Doug Fir STK Smooth 1S2E,,,Building Materials & Millwork>Lumber>Softwood Boards,"1513577 Softwood Board, 1 in Nominal Thickness, 8 in Nominal Width, 12 ft Length, STK Grade, Untreated Treatment",SOFTWOOD BOARD 12FT,19,"Softwood Board, 1513577, 1 in Nominal Thickness, 8 in Nominal Width",67,BRAND_NAME is empty | MANUFACTURER_NAME is empty | brand unresolved: every brand column held a placeholder and no alias was found in the description
315,0.643,1513578,1x8-16' Doug Fir STK Smooth 1S2E,,,Building Materials & Millwork>Lumber>Softwood Boards,"1513578 Softwood Board, 1 in Nominal Thickness, 8 in Nominal Width, 16 ft Length, STK Grade, Untreated Treatment",SOFTWOOD BOARD 16FT,19,"Softwood Board, 1513578, 1 in Nominal Thickness, 8 in Nominal Width",67,BRAND_NAME is empty | MANUFACTURER_NAME is empty | brand unresolved: every brand column held a placeholder and no alias was found in the description
316,0.643,1513579,1x12-12 'Doug Fir STK Smooth 1S2E,,,Building Materials & Millwork>Lumber>Softwood Boards,"1513579 Softwood Board, 1 in Nominal Thickness, 12 in Nominal Width, 12 ft Length, STK Grade, Untreated Treatment",SOFTWOOD BOARD 12FT,19,"Softwood Board, 1513579, 1 in Nominal Thickness, 12 in Nominal Width",68,BRAND_NAME is empty | MANUFACTURER_NAME is empty | brand unresolved: every brand column held a placeholder and no alias was found in the description
317,0.643,1513580,1x12-16' Doug Fir STK Smooth 1S2E,,,Building Materials & Millwork>Lumber>Softwood Boards,"1513580 Softwood Board, 1 in Nominal Thickness, 12 in Nominal Width, 16 ft Length, STK Grade, Untreated Treatment",SOFTWOOD BOARD 16FT,19,"Softwood Board, 1513580, 1 in Nominal Thickness, 12 in Nominal Width",68,BRAND_NAME is empty | MANUFACTURER_NAME is empty | brand unresolved: every brand column held a placeholder and no alias was found in the description
676,0.643,51334,"51334 44"" Wh Gilmour Fan",,,Electrical & Lighting>Light Fixtures>Ceiling Fans,"51334 Ceiling Fan, Ceiling Mount Mounting, White, 44 in Width",CEILING FAN CLGMT WHT 44IN,26,"Ceiling Fan, 51334, Ceiling Mount Mounting, White, 44 in Width",62,BRAND_NAME is empty | MANUFACTURER_NAME is empty | brand unresolved: every brand column held a placeholder and no alias was found in the description
680,0.643,52487,"52487 52"" WH Anisten Fan",,,Electrical & Lighting>Light Fixtures>Ceiling Fans,"52487 Ceiling Fan, Ceiling Mount Mounting, White, 52 in Width",CEILING FAN CLGMT WHT 52IN,26,"Ceiling Fan, 52487, Ceiling Mount Mounting, White, 52 in Width",62,BRAND_NAME is empty | MANUFACTURER_NAME is empty | brand unresolved: every brand column held a placeholder and no alias was found in the description
681,0.643,52488,"52488 44"" WH Anisten Fan",,,Electrical & Lighting>Light Fixtures>Ceiling Fans,"52488 Ceiling Fan, Ceiling Mount Mounting, White, 44 in Width",CEILING FAN CLGMT WHT 44IN,26,"Ceiling Fan, 52488, Ceiling Mount Mounting, White, 44 in Width",62,BRAND_NAME is empty | MANUFACTURER_NAME is empty | brand unresolved: every brand column held a placeholder and no alias was found in the description
683,0.643,59261,"59261 52"" PB Cassius Fan",,,Electrical & Lighting>Light Fixtures>Ceiling Fans,"59261 Ceiling Fan, Ceiling Mount Mounting, Polished Brass, 52 in Width",CEILING FAN CLGMT POLISHED BRS 52IN,35,"Ceiling Fan, 59261, Ceiling Mount Mounting, Polished Brass, 52 in Width",71,BRAND_NAME is empty | MANUFACTURER_NAME is empty | brand unresolved: every brand column held a placeholder and no alias was found in the description
640,0.643,PS960YPFS,"PS960YPFS 30"" GE Electric Range SS - Display Only",,,Appliances & Consumer Electronics>Kitchen Appliances>Ranges,"PS960YPFS Range, Stainless Steel, Electric Fuel, 30 in Width",RANGE SST ELEC 30IN,19,"Range, PS960YPFS, Stainless Steel, Electric Fuel, 30 in Width",61,BRAND_NAME is empty | MANUFACTURER_NAME is empty | brand unresolved: every brand column held a placeholder and no alias was found in the description
646,0.643,GCFG3661AF,"GCFG3661AF 36"" Frigidaire Gas Range SS",,,Appliances & Consumer Electronics>Kitchen Appliances>Ranges,"GCFG3661AF Range, Stainless Steel, Gas Fuel, 36 in Width",RANGE SST GAS 36IN,18,"Range, GCFG3661AF, Stainless Steel, Gas Fuel, 36 in Width, Ranges",65,BRAND_NAME is empty | MANUFACTURER_NAME is empty | brand unresolved: every brand column held a placeholder and no alias was found in the description
647,0.643,WSGS7530RZ,"WSGS7530RZ 30"" Gas Range SS - Display Only",,,Appliances & Consumer Electronics>Kitchen Appliances>Ranges,"WSGS7530RZ Range, Stainless Steel, Gas Fuel, 30 in Width",RANGE SST GAS 30IN,18,"Range, WSGS7530RZ, Stainless Steel, Gas Fuel, 30 in Width, Ranges",65,BRAND_NAME is empty | MANUFACTURER_NAME is empty | brand unresolved: every brand column held a placeholder and no alias was found in the description
68,0.643,KDPS624SJP,KDPS624SJP Dishwasher Juniper - Display Only,,,Appliances & Consumer Electronics>Kitchen Appliances>Built-In Dishwashers,"KDPS624SJP Dishwasher, Built-in Mounting",DISHWASHER BLTLN,16,"Dishwasher, KDPS624SJP, Built-in Mounting, Built-In Dishwashers",63,BRAND_NAME is empty | MANUFACTURER_NAME is empty | brand unresolved: every brand column held a placeholder and no alias was found in the description
776,0.643,VN56920,"VN56920 10 1/2"" Saw Blade",,,Tools & Equipment>Power Tool Accessories>Saw Blades,"VN56920 Saw Blade, 10 1/2 in Diameter",SAW BLADE 10 1/2IN,18,"Saw Blade, VN56920, 10 1/2 in Diameter, Saw Blades, Power Tool Accessories",74,BRAND_NAME is empty | MANUFACTURER_NAME is empty | brand unresolved: every brand column held a placeholder and no alias was found in the description
79,0.643,PTD70GBSTWS,PTD70GBSTWS GE Gas Dryer Wh,,,Appliances & Consumer Electronics>Laundry Appliances>Dryers,"PTD70GBSTWS Dryer, White, Gas Fuel",DRYER WHT GAS,13,"Dryer, PTD70GBSTWS, White, Gas Fuel, Dryers, Large Appliances",61,BRAND_NAME is empty | MANUFACTURER_NAME is empty | brand unresolved: every brand column held a placeholder and no alias was found in the description
313,0.644,1511506,4'x65' Zip Rainscreen,,,Building Materials & Millwork>Weather Barriers>Housewrap & Rainscreen,"1511506 Weather Barrier, 4 ft Nominal Width, 65 ft Length",WEATHER BARRIER 4FT 65FT,24,"Weather Barrier, 1511506, 4 ft Nominal Width, 65 ft Length, 4 ft x 65 ft",72,BRAND_NAME is empty | MANUFACTURER_NAME is empty | brand unresolved: every brand column held a placeholder and no alias was found in the description
343,0.644,402-R,402R 12V12AH 8D Battery,,,Tools & Equipment>Power Tools>Batteries & Chargers,"402-R Charger, Cordless Power Source, 12 V",CHARGER CRDLS 12V,17,"Charger, 402-R, Cordless Power Source, 12 V, Batteries & Chargers",65,BRAND_NAME is empty | MANUFACTURER_NAME is empty | brand unresolved: every brand column held a placeholder and no alias was found in the description
933,0.644,JT9-714400K,"JWBS-14SFX 14"" Bandsaw JTP-714400K",,,Tools & Equipment>Power Tools>Band Saws,"JT9-714400K Bandsaw, Corded Electric Power Source, 14 in Blade or Wheel Size",BANDSAW CORDED ELEC,19,"Bandsaw, JT9-714400K, Corded Electric Power Source, 14 in Blade or Wheel Size",77,BRAND_NAME is empty | MANUFACTURER_NAME is empty | brand unresolved: every brand column held a placeholder and no alias was found in the description
438,0.644,HLBSL609FS5,"HLBSL609FS5 6"" Down Light",,,Electrical & Lighting>Light Fixtures>Recessed Downlights,"HLBSL609FS5 Downlight, Recessed Mounting, 6 in Width",DOWNLIGHT RECESSED 6IN,22,"Downlight, HLBSL609FS5, Recessed Mounting, 6 in Width, Recessed Downlights",74,BRAND_NAME is empty | MANUFACTURER_NAME is empty | brand unresolved: every brand column held a placeholder and no alias was found in the description
411,0.644,HLSMS9129FS1E,"HLSMS9129FS1E 9"" Motion Lt",,,Electrical & Lighting>Light Fixtures>Security & Flood Lights,"HLSMS9129FS1E Security Light, 9 in Width",SECURITY LIGHT 9IN,18,"Security Light, HLSMS9129FS1E, 9 in Width, Outdoor Location, Lighting",69,BRAND_NAME is empty | MANUFACTURER_NAME is empty | brand unresolved: every brand column held a placeholder and no alias was found in the description
439,0.644,WF4REGSWW590CRIMW,"WF4REGSWW590CRIMW 4"" Down Light",,,Electrical & Lighting>Light Fixtures>Recessed Downlights,"WF4REGSWW590CRIMW Downlight, Recessed Mounting, 4 in Width",DOWNLIGHT RECESSED 4IN,22,"Downlight, WF4REGSWW590CRIMW, Recessed Mounting, 4 in Width, Recessed Downlights",80,BRAND_NAME is empty | MANUFACTURER_NAME is empty | brand unresolved: every brand column held a placeholder and no alias was found in the description
678,0.644,52485,"52485 52"" MB Anisten Fan",,,Electrical & Lighting>Light Fixtures>Ceiling Fans,"52485 Ceiling Fan, Ceiling Mount Mounting, 52 in Width",CEILING FAN CLGMT 52IN,22,"Ceiling Fan, 52485, Ceiling Mount Mounting, 52 in Width, Ceiling Fans",69,BRAND_NAME is empty | MANUFACTURER_NAME is empty | brand unresolved: every brand column held a placeholder and no alias was found in the description
679,0.644,52486,"52486 44"" MB Anisten Fan",,,Electrical & Lighting>Light Fixtures>Ceiling Fans,"52486 Ceiling Fan, Ceiling Mount Mounting, 44 in Width",CEILING FAN CLGMT 44IN,22,"Ceiling Fan, 52486, Ceiling Mount Mounting, 44 in Width, Ceiling Fans",69,BRAND_NAME is empty | MANUFACTURER_NAME is empty | brand unresolved: every brand column held a placeholder and no alias was found in the description
578,0.644,46719,49719 Wall Light Motion Wh,,,Electrical & Lighting>Light Fixtures>Wall Sconces,"46719 Wall Light, Wall Mount Mounting, White",WALL LIGHT WALLMT WHT,21,"Wall Light, 46719, Wall Mount Mounting, White, Wall Sconces, Lighting",69,BRAND_NAME is empty | MANUFACTURER_NAME is empty | brand unresolved: every brand column held a placeholder and no alias was found in the description
318,0.644,1501767,"3/4"" 4x8T&G Huber Blue PlusOSB - Sub Floor",,,Building Materials & Millwork>Panels & Sheet Goods>Sheathing & Panels,"1501767 Sheathing Panel, Blue, 3/4 in Nominal Thickness",SHEATHING PANEL BLUE 3/4IN,26,"Sheathing Panel, 1501767, Blue, 3/4 in Nominal Thickness, Sheathing & Panels",76,BRAND_NAME is empty | MANUFACTURER_NAME is empty | brand unresolved: every brand column held a placeholder and no alias was found in the description
637,0.645,SMD2479JS,SMD2479JS Microwave Drawer SS Display Only,,,Appliances & Consumer Electronics>Kitchen Appliances>Microwave Ovens,"SMD2479JS Microwave Oven, Stainless Steel",MICROWAVE OVEN SST,18,"Microwave Oven, SMD2479JS, Stainless Steel, Microwave Ovens, Large Appliances",77,BRAND_NAME is empty | MANUFACTURER_NAME is empty | brand unresolved: every brand column held a placeholder and no alias was found in the description
948,0.645,TS1017,TS1017 Table Saw Zero-Clearance Insert,,,Tools & Equipment>Power Tools>Table Saws,"TS1017 Table Saw, Corded Electric Power Source",TABLE SAW CORDED ELEC,21,"Table Saw, TS1017, Corded Electric Power Source, Table Saws, Power Tools",72,BRAND_NAME is empty | MANUFACTURER_NAME is empty | brand unresolved: every brand column held a placeholder and no alias was found in the description
327,0.646,1504345,OC Duration TruDef Wburg Gray (BDL),,,Building Materials & Millwork>Roofing>Asphalt Shingles,"1504345 Asphalt Shingle, Gray, Asphalt",ASPHALT SHINGLE GRAY,20,"Asphalt Shingle, 1504345, Gray, Asphalt, Asphalt Shingles, Roofing",66,BRAND_NAME is empty | MANUFACTURER_NAME is empty | brand unresolved: every brand column held a placeholder and no alias was found in the description
360,0.646,5522-5EV,5522-5EV 2 Port Decor Plate,,,Electrical & Lighting>Wiring Devices>Wall Plates & Box Covers,5522-5EV Wall Plate,WALL PLATE,10,"Wall Plate, 5522-5EV, Wall Plates & Box Covers, Wiring Devices",62,BRAND_NAME is empty | MANUFACTURER_NAME is empty | brand unresolved: every brand column held a placeholder and no alias was found in the description
659,0.646,FCM16SLWW,FCM16SLWW 16CF GE Freezer Chest MH,,,Appliances & Consumer Electronics>Kitchen Appliances>Freezers,"FCM16SLWW Freezer, Chest Configuration",FREEZER,7,"Freezer, FCM16SLWW, Chest Configuration, Freezers, Large Appliances",67,BRAND_NAME is empty | MANUFACTURER_NAME is empty | brand unresolved: every brand column held a placeholder and no alias was found in the description
669,0.646,EUF17CDBW,EUF17CDBW Element 17CF Freezer - Upright,,,Appliances & Consumer Electronics>Kitchen Appliances>Freezers,"EUF17CDBW Freezer, Upright Configuration",FREEZER,7,"Freezer, EUF17CDBW, Upright Configuration, Freezers, Large Appliances",69,BRAND_NAME is empty | MANUFACTURER_NAME is empty | brand unresolved: every brand column held a placeholder and no alias was found in the description
670,0.646,EUF21CDBW,EUF21CDBW Element 21CF Freezer - Upright,,,Appliances & Consumer Electronics>Kitchen Appliances>Freezers,"EUF21CDBW Freezer, Upright Configuration",FREEZER,7,"Freezer, EUF21CDBW, Upright Configuration, Freezers, Large Appliances",69,BRAND_NAME is empty | MANUFACTURER_NAME is empty | brand unresolved: every brand column held a placeholder and no alias was found in the description
1,0.647,3MABR-7100075678,3M 775L Stikit Film P150 - Cubitron II 50 Disc/Box,,,Tools & Equipment>Power Tool Accessories>Sanding Discs,"3MABR-7100075678 Sanding Disc, 150 grit Grit",SND DISC 150GRIT 50PC,21,"Sanding Disc, 3MABR-7100075678, 150 grit Grit, Film Backing Material",68,BRAND_NAME is empty | MANUFACTURER_NAME is empty | brand unresolved: every brand column held a placeholder and no alias was found in the description
2,0.647,3MABR-7100045865,3M 775L Stikit Film P120 - Cubitron II 50 Disc/Box,,,Tools & Equipment>Power Tool Accessories>Sanding Discs,"3MABR-7100045865 Sanding Disc, 120 grit Grit",SND DISC 120GRIT 50PC,21,"Sanding Disc, 3MABR-7100045865, 120 grit Grit, Film Backing Material",68,BRAND_NAME is empty | MANUFACTURER_NAME is empty | brand unresolved: every brand column held a placeholder and no alias was found in the description
3,0.647,3MABR-7100048736,3M 775L Stikit Film P80 - Cubitron II 50 Disc/Box,,,Tools & Equipment>Power Tool Accessories>Sanding Discs,"3MABR-7100048736 Sanding Disc, 80 grit Grit",SND DISC 80GRIT 50PC,20,"Sanding Disc, 3MABR-7100048736, 80 grit Grit, Film Backing Material",67,BRAND_NAME is empty | MANUFACTURER_NAME is empty | brand unresolved: every brand column held a placeholder and no alias was found in the description
4,0.647,3MABR-7100075690,3M 775L Stikit Film P180 - Cubitron II 50 Disc/Box,,,Tools & Equipment>Power Tool Accessories>Sanding Discs,"3MABR-7100075690 Sanding Disc, 180 grit Grit",SND DISC 180GRIT 50PC,21,"Sanding Disc, 3MABR-7100075690, 180 grit Grit, Film Backing Material",68,BRAND_NAME is empty | MANUFACTURER_NAME is empty | brand unresolved: every brand column held a placeholder and no alias was found in the description
5,0.647,3MABR-7100075692,3M 775L Stikit Film P220 - Cubitron II 50 Disc/Box,,,Tools & Equipment>Power Tool Accessories>Sanding Discs,"3MABR-7100075692 Sanding Disc, 220 grit Grit",SND DISC 220GRIT 50PC,21,"Sanding Disc, 3MABR-7100075692, 220 grit Grit, Film Backing Material",68,BRAND_NAME is empty | MANUFACTURER_NAME is empty | brand unresolved: every brand column held a placeholder and no alias was found in the description
6,0.647,3MABR-7100145365,3M 775L Stikit Film P320 - Cubitron II 50 Disc/Box,,,Tools & Equipment>Power Tool Accessories>Sanding Discs,"3MABR-7100145365 Sanding Disc, 320 grit Grit",SND DISC 320GRIT 50PC,21,"Sanding Disc, 3MABR-7100145365, 320 grit Grit, Film Backing Material",68,BRAND_NAME is empty | MANUFACTURER_NAME is empty | brand unresolved: every brand column held a placeholder and no alias was found in the description
710,0.648,MK113MPAP,MK113MPAP Edge Safety Glasses - Makalu Black Frame Polarized,,,Safety & Personal Protection>Eye Protection>Safety Glasses,"MK113MPAP Safety Glasses, Glass, Black",SAFETY GLASSES GLASS BLK,24,"Safety Glasses, MK113MPAP, Glass, Black, Safety Glasses, PPE",60,BRAND_NAME is empty | MANUFACTURER_NAME is empty | brand unresolved: every brand column held a placeholder and no alias was found in the description
711,0.648,LS117MPAP,LS117MPAP Edge Safety Glasses - Lassen Black Frame Polarized,,,Safety & Personal Protection>Eye Protection>Safety Glasses,"LS117MPAP Safety Glasses, Glass, Black",SAFETY GLASSES GLASS BLK,24,"Safety Glasses, LS117MPAP, Glass, Black, Safety Glasses, PPE",60,BRAND_NAME is empty | MANUFACTURER_NAME is empty | brand unresolved: every brand column held a placeholder and no alias was found in the description
595,0.681,R50003-ID,16-2 Stranded Wire CL3 500' (Linear Foot),Southwire®,Southwire Company LLC,,"Southwire® R50003-ID Stranded Wire CL, 500 ft Length",STRANDED WIRE CL 500FT,22,"Southwire Company LLC Southwire, Stranded Wire CL, R50003-ID",60,"Classpath is empty | no taxonomy match, so the attribute contract and all five descriptions fall back to the generic template"
592,0.683,13093005,4/0 Aluminum Entrance Cable (Linear Foot),Southwire®,Southwire Company LLC,,"Southwire® 13093005 Aluminum Entrance Cable, Aluminum",ALUM ENTRANCE CABLE ALUM,24,"Southwire Company LLC Southwire, Aluminum Entrance Cable, 13093005",66,"Classpath is empty | no taxonomy match, so the attribute contract and all five descriptions fall back to the generic template"
693,0.683,156436WHT,156436 Wh 4x4x120 Post Wrap,DSI Westbury,DSI Westbury,,"DSI Westbury 156436WHT White Post Wrap, White, 4 in Width, 4 in Length",WHT POST WRAP WHT 4IN 4IN,25,"DSI Westbury, White Post Wrap, 156436WHT, White, 4 in Width, 4 in Length",72,"Classpath is empty | no taxonomy match, so the attribute contract and all five descriptions fall back to the generic template"
796,0.683,XRU23SM1,"XRU23SM1 Makita 18V 13"" - String Trimmer Kit",Makita®,Makita Corporation of America,,"Makita® XRU23SM1 Makita String Trimmer, 13 in Width",MAKITA STRING TRIMMER 13IN 18V,30,"Makita Corporation of America Makita, Makita String Trimmer, XRU23SM1",69,"Classpath is empty | no taxonomy match, so the attribute contract and all five descriptions fall back to the generic template"
822,0.683,XNB04Z,"XNB04Z Makita 18V 2"" Brad Nailer 18GA (Bare)",Makita®,Makita Corporation of America,,"Makita® XNB04Z Nailer GA Bare, 2 in Width",NAILER GA BARE 2IN 18V,22,"Makita Corporation of America Makita, Nailer GA Bare, XNB04Z",60,"Classpath is empty | no taxonomy match, so the attribute contract and all five descriptions fall back to the generic template"
823,0.683,XNB05Z,"XNB05Z Makita 18V 2-1/2"" Straight Finish Nailer 16GA",Makita®,Makita Corporation of America,,"Makita® XNB05Z Finish Nailer GA, 2-1/2 in Width",FINISH NAILER GA 2-1/2IN 18V,28,"Makita Corporation of America Makita, Finish Nailer GA, XNB05Z",62,"Classpath is empty | no taxonomy match, so the attribute contract and all five descriptions fall back to the generic template"
824,0.683,XNB06Z,"XNB06Z Makita 18V 2-1/2"" Angled Finish Nailer 16GA",Makita®,Makita Corporation of America,,"Makita® XNB06Z Finish Nailer GA, 2-1/2 in Width",FINISH NAILER GA 2-1/2IN 18V,28,"Makita Corporation of America Makita, Finish Nailer GA, XNB06Z",62,"Classpath is empty | no taxonomy match, so the attribute contract and all five descriptions fall back to the generic template"
860,0.683,XTS02Z,"XTS02Z Makita 18V 1/4"" Narrow Crown Stapler 18GA",Makita®,Makita Corporation of America,,"Makita® XTS02Z Crown Stapler GA, 1/4 in Width",CROWN STAPLER GA 1/4IN 18V,26,"Makita Corporation of America Makita, Crown Stapler GA, XTS02Z",62,"Classpath is empty | no taxonomy match, so the attribute contract and all five descriptions fall back to the generic template"
873,0.683,XLT03Z,"XLT03Z Makita 3/8"" 18V Angle Impact",Makita®,Makita Corporation of America,,"Makita® XLT03Z Makita Angle Impact, 3/8 in Width",MAKITA ANGLE IMPACT 3/8IN 18V,29,"Makita Corporation of America Makita, Makita Angle Impact, XLT03Z",65,"Classpath is empty | no taxonomy match, so the attribute contract and all five descriptions fall back to the generic template"
874,0.683,XLT04Z,"XLT04Z Makita 1/4"" 18V Angle Impact",Makita®,Makita Corporation of America,,"Makita® XLT04Z Makita Angle Impact, 1/4 in Width",MAKITA ANGLE IMPACT 1/4IN 18V,29,"Makita Corporation of America Makita, Makita Angle Impact, XLT04Z",65,"Classpath is empty | no taxonomy match, so the attribute contract and all five descriptions fall back to the generic template"
875,0.683,XLT05Z,"XLT05Z Makita 1/2"" 18V Angle Impact",Makita®,Makita Corporation of America,,"Makita® XLT05Z Makita Angle Impact, 1/2 in Width",MAKITA ANGLE IMPACT 1/2IN 18V,29,"Makita Corporation of America Makita, Makita Angle Impact, XLT05Z",65,"Classpath is empty | no taxonomy match, so the attribute contract and all five descriptions fall back to the generic template"
674,0.683,d10cnk,"D10CNK Prebena 1/2""x3/8"" - Staple",Prebena,Prebena,,"Prebena d10cnk Prebena Staple, 1/2 in Width, 3/8 in Length",PREBENA STAPLE 1/2IN 3/8IN,26,"Prebena, Prebena Staple, d10cnk, 1/2 in Width, 3/8 in Length",60,"Classpath is empty | no taxonomy match, so the attribute contract and all five descriptions fall back to the generic template"
675,0.683,e28cnkha,"E28CNKHA Prebena 2/4""x1 1/8"" - Staple",Prebena,Prebena,,"Prebena e28cnkha Prebena Staple, 2/4 in Width, 1 1/8 in Length",PREBENA STAPLE 2/4IN 1 1/8IN,28,"Prebena, Prebena Staple, e28cnkha, 2/4 in Width, 1 1/8 in Length",64,"Classpath is empty | no taxonomy match, so the attribute contract and all five descriptions fall back to the generic template"
732,0.684,F200B-21L,F200B-21L Milw M12 Womens - BLK Heated Hoodie Kit L,Milwaukee®,Milwaukee Electric Tool Corporation,,"Milwaukee® F200B-21L Black Heated Hoodie, Black",BLK HEATED HOODIE BLK,21,"Milwaukee Electric Tool Corporation Milwaukee, Black Heated Hoodie, F200B-21L",77,"Classpath is empty | no taxonomy match, so the attribute contract and all five descriptions fall back to the generic template"
733,0.684,F200B-21M,F200B-21M Milw M12 Womens - BLK Heated Hoodie Kit M,Milwaukee®,Milwaukee Electric Tool Corporation,,"Milwaukee® F200B-21M Black Heated Hoodie, Black",BLK HEATED HOODIE BLK,21,"Milwaukee Electric Tool Corporation Milwaukee, Black Heated Hoodie, F200B-21M",77,"Classpath is empty | no taxonomy match, so the attribute contract and all five descriptions fall back to the generic template"
734,0.684,M200B-21L,M200B-21L Milw M12 BLK - Heated Hoodie Kit L,Milwaukee®,Milwaukee Electric Tool Corporation,,"Milwaukee® M200B-21L Black Heated Hoodie, Black",BLK HEATED HOODIE BLK,21,"Milwaukee Electric Tool Corporation Milwaukee, Black Heated Hoodie, M200B-21L",77,"Classpath is empty | no taxonomy match, so the attribute contract and all five descriptions fall back to the generic template"
735,0.684,M200B-21M,M200B-21M Milw M12 BLK - Heated Hoodie Kit M,Milwaukee®,Milwaukee Electric Tool Corporation,,"Milwaukee® M200B-21M Black Heated Hoodie, Black",BLK HEATED HOODIE BLK,21,"Milwaukee Electric Tool Corporation Milwaukee, Black Heated Hoodie, M200B-21M",77,"Classpath is empty | no taxonomy match, so the attribute contract and all five descriptions fall back to the generic template"
736,0.684,M200B-21XL,M200B-21XL Milw M12 BLK - Heated Hoodie Kit XL,Milwaukee®,Milwaukee Electric Tool Corporation,,"Milwaukee® M200B-21XL Heated Hoodie XL, Black",HEATED HOODIE XL BLK,20,"Milwaukee Electric Tool Corporation Milwaukee, Heated Hoodie XL, M200B-21XL",75,"Classpath is empty | no taxonomy match, so the attribute contract and all five descriptions fall back to the generic template"
685,0.684,XLC10ZW,XLC10ZW Makita 18V Cordless Vacuum (Bare),Makita®,Makita Corporation of America,,Makita® XLC10ZW Cordless Vacuum Bare,CRDLS VACUUM BARE 18V,21,"Makita Corporation of America Makita, Cordless Vacuum Bare, XLC10ZW",67,"Classpath is empty | no taxonomy match, so the attribute contract and all five descriptions fall back to the generic template"
690,0.684,DCGG581B,DCGG581B Dewalt 20V Grease Gun 2-Speed,DEWALT®,Stanley Black & Decker Inc,,DEWALT® DCGG581B Grease Gun Speed,GREASE GUN SPEED 20V,20,"Stanley Black & Decker Inc DEWALT, Grease Gun Speed, DCGG581B",61,"Classpath is empty | no taxonomy match, so the attribute contract and all five descriptions fall back to the generic template"
691,0.684,DCGG581GD1,DCGG581GD1 Dewalt 20V Grease Gun 2-Speed Kit,DEWALT®,Stanley Black & Decker Inc,,DEWALT® DCGG581GD1 Grease Gun Speed,GREASE GUN SPEED 20V,20,"Stanley Black & Decker Inc DEWALT, Grease Gun Speed, DCGG581GD1",63,"Classpath is empty | no taxonomy match, so the attribute contract and all five descriptions fall back to the generic template"
692,0.684,DWST41092,"DWST41092 Dewalt Tool Chest 41"" Bottom",DEWALT®,Stanley Black & Decker Inc,,"DEWALT® DWST41092 Tool Chest Bottom, 41 in Width",TOOL CHEST BOTTOM 41IN,22,"Stanley Black & Decker Inc DEWALT, Tool Chest Bottom, DWST41092",63,"Classpath is empty | no taxonomy match, so the attribute contract and all five descriptions fall back to the generic template"
764,0.684,MLSQ0120,"MLSQ0120 Milw 12"" RafterSquare",Milwaukee®,Milwaukee Electric Tool Corporation,,"Milwaukee® MLSQ0120 Milw RafterSquare, 12 in Width",MILW RAFTERSQUARE 12IN,22,"Milwaukee Electric Tool Corporation Milwaukee, Milw RafterSquare, MLSQ0120",74,"Classpath is empty | no taxonomy match, so the attribute contract and all five descriptions fall back to the generic template"
787,0.684,42-04-9107,"42-04-9107 Milw 3/8"" Drive Universal Joint",Milwaukee®,Milwaukee Electric Tool Corporation,,"Milwaukee® 42-04-9107 Drive Universal Joint, 3/8 in Width",DRIVE UNIV JOINT 3/8IN,22,"Milwaukee Electric Tool Corporation Milwaukee, Drive Universal Joint, 42-04-9107",80,"Classpath is empty | no taxonomy match, so the attribute contract and all five descriptions fall back to the generic template"
798,0.684,XRU23Z,XRU23Z Makita 18V Trimmer Tool - Only,Makita®,Makita Corporation of America,,Makita® XRU23Z Makita Trimmer Tool,MAKITA TRIMMER TOOL 18V,23,"Makita Corporation of America Makita, Makita Trimmer Tool, XRU23Z",65,"Classpath is empty | no taxonomy match, so the attribute contract and all five descriptions fall back to the generic template"
800,0.684,DCBL724B,DCBL724B Dewalt 20V Max XR Blower (Bare),DEWALT®,Stanley Black & Decker Inc,,DEWALT® DCBL724B XR Blower Bare,XR BLOWER BARE 20V,18,"Stanley Black & Decker Inc DEWALT, XR Blower Bare, DCBL724B, 20 V",65,"Classpath is empty | no taxonomy match, so the attribute contract and all five descriptions fall back to the generic template"
806,0.684,3033-21,"3033-21 Milw M18 24"" - Hedge Trimmer Kit",Milwaukee®,Milwaukee Electric Tool Corporation,,"Milwaukee® 3033-21 Milw Hedge Trimmer, 24 in Width",MILW HEDGE TRIMMER 24IN,23,"Milwaukee Electric Tool Corporation Milwaukee, Milw Hedge Trimmer, 3033-21",74,"Classpath is empty | no taxonomy match, so the attribute contract and all five descriptions fall back to the generic template"
812,0.684,KPTDR050A,KPTDR050A Kreg 20V Ionic Compact Drill,Kreg®,Kreg Tool Company,,Kreg® KPTDR050A Ionic Compact Drill,IONIC COMPACT DRILL 20V,23,"Kreg Tool Company Kreg, Ionic Compact Drill, KPTDR050A, 20 V",60,"Classpath is empty | no taxonomy match, so the attribute contract and all five descriptions fall back to the generic template"
825,0.684,XNB07Z,XNB07Z Makita 18V LXT BL 30 Nailer (Bare),Makita®,Makita Corporation of America,,Makita® XNB07Z BL Nailer Bare,BL NAILER BARE 18V,18,"Makita Corporation of America Makita, BL Nailer Bare, XNB07Z",60,"Classpath is empty | no taxonomy match, so the attribute contract and all five descriptions fall back to the generic template"
828,0.684,XRF03Z,XRF03Z Makita 18V Screwdriver - Autofeed,Makita®,Makita Corporation of America,,Makita® XRF03Z Makita Screwdriver Autofeed,MAKITA SCREWDRIVER AUTOFEED 18V,31,"Makita Corporation of America Makita, Makita Screwdriver Autofeed, XRF03Z",73,"Classpath is empty | no taxonomy match, so the attribute contract and all five descriptions fall back to the generic template"
872,0.684,DCF921P2,DCF921P2 Dewalt 20V 1/2 Impact,DEWALT®,Stanley Black & Decker Inc,,DEWALT® DCF921P2 Dewalt Impact,DEWALT IMPACT 20V,17,"Stanley Black & Decker Inc DEWALT, Dewalt Impact, DCF921P2, 20 V",64,"Classpath is empty | no taxonomy match, so the attribute contract and all five descriptions fall back to the generic template"
877,0.684,3052-20,"3052-20 Milw M12 Fuel 1/4"" Rachet",Milwaukee®,Milwaukee Electric Tool Corporation,,"Milwaukee® 3052-20 Milw Fuel Rachet, 1/4 in Width",MILW FUEL RACHET 1/4IN,22,"Milwaukee Electric Tool Corporation Milwaukee, Milw Fuel Rachet, 3052-20",72,"Classpath is empty | no taxonomy match, so the attribute contract and all five descriptions fall back to the generic template"
879,0.684,DCF513EB,"DCF513EB Dewalt 3/8"" Open Head Rachet",DEWALT®,Stanley Black & Decker Inc,,"DEWALT® DCF513EB Open Head Rachet, 3/8 in Width",OPEN HEAD RACHET 3/8IN,22,"Stanley Black & Decker Inc DEWALT, Open Head Rachet, DCF513EB",61,"Classpath is empty | no taxonomy match, so the attribute contract and all five descriptions fall back to the generic template"
889,0.684,DCW620B,DCW620B Dewalt 20V Plunge - Router,DEWALT®,Stanley Black & Decker Inc,,DEWALT® DCW620B Dewalt Plunge Router,DEWALT PLUNGE ROUTER 20V,24,"Stanley Black & Decker Inc DEWALT, Dewalt Plunge Router, DCW620B",64,"Classpath is empty | no taxonomy match, so the attribute contract and all five descriptions fall back to the generic template"
946,0.684,XRJ08Z,XRJ08Z Makita 18V Recip Saw - Bare Tool,Makita®,Makita Corporation of America,,Makita® XRJ08Z Saw Bare Tool,SAW BARE TOOL 18V,17,"Makita Corporation of America Makita, Saw Bare Tool, XRJ08Z, 18 V",65,"Classpath is empty | no taxonomy match, so the attribute contract and all five descriptions fall back to the generic template"
897,0.684,578800,578800 Festool 80x133 M GR PRO/10,Festool®,Festool USA,,"Festool® 578800 Festool GR PRO, 80 in Width, 133 in Length",FESTOOL GR PRO 80IN 133IN,25,"Festool, Festool GR PRO, 578800, 80 in Width, 133 in Length, 80 in x 133 in",75,"Classpath is empty | no taxonomy match, so the attribute contract and all five descriptions fall back to the generic template"
898,0.684,578801,578801 Festool 80x133 F GR PRO/10,Festool®,Festool USA,,"Festool® 578801 Festool GR PRO, 80 in Width, 133 in Length",FESTOOL GR PRO 80IN 133IN,25,"Festool, Festool GR PRO, 578801, 80 in Width, 133 in Length, 80 in x 133 in",75,"Classpath is empty | no taxonomy match, so the attribute contract and all five descriptions fall back to the generic template"
899,0.684,578802,578802 Festool 80x133 S GR PRO/10,Festool®,Festool USA,,"Festool® 578802 Festool GR PRO, 80 in Width, 133 in Length",FESTOOL GR PRO 80IN 133IN,25,"Festool, Festool GR PRO, 578802, 80 in Width, 133 in Length, 80 in x 133 in",75,"Classpath is empty | no taxonomy match, so the attribute contract and all five descriptions fall back to the generic template"
900,0.684,578808,578808 Festool 3x4 M GR PRO/10,Festool®,Festool USA,,"Festool® 578808 Festool GR PRO, 3 in Width, 4 in Length",FESTOOL GR PRO 3IN 4IN,22,"Festool, Festool GR PRO, 578808, 3 in Width, 4 in Length, 3 in x 4 in",69,"Classpath is empty | no taxonomy match, so the attribute contract and all five descriptions fall back to the generic template"
901,0.684,578809,578809 Festool 3x4 F GR PRO/10,Festool®,Festool USA,,"Festool® 578809 Festool GR PRO, 3 in Width, 4 in Length",FESTOOL GR PRO 3IN 4IN,22,"Festool, Festool GR PRO, 578809, 3 in Width, 4 in Length, 3 in x 4 in",69,"Classpath is empty | no taxonomy match, so the attribute contract and all five descriptions fall back to the generic template"
902,0.684,578810,578810 Festool 3x4 S GR PRO/10,Festool®,Festool USA,,"Festool® 578810 Festool GR PRO, 3 in Width, 4 in Length",FESTOOL GR PRO 3IN 4IN,22,"Festool, Festool GR PRO, 578810, 3 in Width, 4 in Length, 3 in x 4 in",69,"Classpath is empty | no taxonomy match, so the attribute contract and all five descriptions fall back to the generic template"
903,0.684,578811,578811 Festool 3x4 GR PRO/10-Set,Festool®,Festool USA,,"Festool® 578811 GR PRO Set, 3 in Width, 4 in Length",GR PRO SET 3IN 4IN,18,"Festool, GR PRO Set, 578811, 3 in Width, 4 in Length, 3 in x 4 in",65,"Classpath is empty | no taxonomy match, so the attribute contract and all five descriptions fall back to the generic template"
869,0.685,DCF961B,"Dewalt DCF961B 20V 1/2"" Impact - Bare Tool",DEWALT®,Stanley Black & Decker Inc,,"DEWALT® DCF961B Impact Bare Tool, 1/2 in Width",IMPACT BARE TOOL 1/2IN 20V,26,"Stanley Black & Decker Inc DEWALT, Impact Bare Tool, DCF961B",60,"Classpath is empty | no taxonomy match, so the attribute contract and all five descriptions fall back to the generic template"
789,0.685,DWMT45422,"DWMT45422 Dewalt 1/4"" Drive - 50pc Mechanics Set",DEWALT®,Stanley Black & Decker Inc,,"DEWALT® DWMT45422 Pc Mechanics Set, 1/4 in Width",PC MECHANICS SET 1/4IN 50PC,27,"Stanley Black & Decker Inc DEWALT, Pc Mechanics Set, DWMT45422",62,"Classpath is empty | no taxonomy match, so the attribute contract and all five descriptions fall back to the generic template"
790,0.685,DWMT45424,"DWMT45424 Dewalt 3/8"" Drive - 84pc Mechanics Set",DEWALT®,Stanley Black & Decker Inc,,"DEWALT® DWMT45424 Pc Mechanics Set, 3/8 in Width",PC MECHANICS SET 3/8IN 84PC,27,"Stanley Black & Decker Inc DEWALT, Pc Mechanics Set, DWMT45424",62,"Classpath is empty | no taxonomy match, so the attribute contract and all five descriptions fall back to the generic template"
982,0.685,DCK2101QQ2,Dewalt DCK2101QQ2 20V 2Pc Kit,DEWALT®,Stanley Black & Decker Inc,,DEWALT® DCK2101QQ2 Decking QQ Pc,DECKING QQ PC 20V 2PC,21,"Stanley Black & Decker Inc DEWALT, Decking QQ Pc, DCK2101QQ2",60,"Classpath is empty | no taxonomy match, so the attribute contract and all five descriptions fall back to the generic template"
976,0.685,578512,578512 Festool Dust Extractor-CT MIDI I HEPA,Festool®,Festool USA,,Festool® Dust Extractor Series 578512 Extractor-CT MIDI HEPA,EXTRACTOR-CT MIDI HEPA,22,"Festool, Extractor-CT MIDI HEPA, Dust Extractor Series, 578512",62,"Classpath is empty | no taxonomy match, so the attribute contract and all five descriptions fall back to the generic template"
977,0.685,577871,577871 Festool Dust Extractor - CT 26,Festool®,Festool USA,,Festool® Dust Extractor Series 577871 Dust Extractor CT,DUST EXTRACTOR CT,17,"Festool USA Festool, Dust Extractor CT, Dust Extractor Series, 577871",69,"Classpath is empty | no taxonomy match, so the attribute contract and all five descriptions fall back to the generic template"
978,0.685,577874,577874 Festool Dust Extractor - CT 36,Festool®,Festool USA,,Festool® Dust Extractor Series 577874 Dust Extractor CT,DUST EXTRACTOR CT,17,"Festool USA Festool, Dust Extractor CT, Dust Extractor Series, 577874",69,"Classpath is empty | no taxonomy match, so the attribute contract and all five descriptions fall back to the generic template"
979,0.685,577876,577876 Festool Dust Extractor - CT 48,Festool®,Festool USA,,Festool® Dust Extractor Series 577876 Dust Extractor CT,DUST EXTRACTOR CT,17,"Festool USA Festool, Dust Extractor CT, Dust Extractor Series, 577876",69,"Classpath is empty | no taxonomy match, so the attribute contract and all five descriptions fall back to the generic template"
980,0.685,578441,578441 Festool Dust Extractor-CT 15 HEPA,Festool®,Festool USA,,Festool® Dust Extractor Series 578441 Dust Extractor-CT HEPA,DUST EXTRACTOR-CT HEPA,22,"Festool, Dust Extractor-CT HEPA, Dust Extractor Series, 578441",62,"Classpath is empty | no taxonomy match, so the attribute contract and all five descriptions fall back to the generic template"
761,0.685,25168,25168 Mason Line Brd Green - 250',CENTURY COMPONENTS,CENTURY COMPONENTS,,"CENTURY COMPONENTS 25168 Line Brd Green, Green, 250 ft Length",LINE BRD GREEN GREEN 250FT,26,"CENTURY COMPONENTS, Line Brd Green, 25168, Green, 250 ft Length",63,"Classpath is empty | no taxonomy match, so the attribute contract and all five descriptions fall back to the generic template"
688,0.685,48-22-8396R,48-22-8396R Milw 24oz Bottle - Insulated,Milwaukee®,Milwaukee Electric Tool Corporation,,Milwaukee® 48-22-8396R Oz Bottle Insulated,OZ BOTTLE INSULATED,19,"Milwaukee Electric Tool Corporation Milwaukee, Oz Bottle Insulated, 48-22-8396R",79,"Classpath is empty | no taxonomy match, so the attribute contract and all five descriptions fall back to the generic template"
689,0.685,48-22-8397R,48-22-8397R Milw 36oz Bottle - Insulated,Milwaukee®,Milwaukee Electric Tool Corporation,,Milwaukee® 48-22-8397R Oz Bottle Insulated,OZ BOTTLE INSULATED,19,"Milwaukee Electric Tool Corporation Milwaukee, Oz Bottle Insulated, 48-22-8397R",79,"Classpath is empty | no taxonomy match, so the attribute contract and all five descriptions fall back to the generic template"
699,0.685,48-22-3301,48-22-3301 Milw Mechanical Pencil w/ Lead Pack,Milwaukee®,Milwaukee Electric Tool Corporation,,Milwaukee® 48-22-3301 Pencil Lead Pack,PENCIL LEAD PACK,16,"Milwaukee Electric Tool Corporation Milwaukee, Pencil Lead Pack, 48-22-3301",75,"Classpath is empty | no taxonomy match, so the attribute contract and all five descriptions fall back to the generic template"
700,0.685,48-22-3302,48-22-3302 Milw Mechanical Pencil Replacement Lead,Milwaukee®,Milwaukee Electric Tool Corporation,,Milwaukee® 48-22-3302 Pencil Replacement Lead,PENCIL REPL LEAD,16,"Milwaukee Electric Tool Corporation Milwaukee, Pencil Replacement Lead",70,"Classpath is empty | no taxonomy match, so the attribute contract and all five descriptions fall back to the generic template"
701,0.685,48-22-3303,48-22-3303 Milw Mechanical Pencil Replacement Lead-Color,Milwaukee®,Milwaukee Electric Tool Corporation,,Milwaukee® 48-22-3303 Pencil Replacement Lead-Color,PENCIL REPL LEAD-COLOR,22,"Milwaukee Electric Tool Corporation Milwaukee, Pencil Replacement Lead-Color",76,"Classpath is empty | no taxonomy match, so the attribute contract and all five descriptions fall back to the generic template"
731,0.685,DPG15,DPG15 Dewalt AM/FM Hearing Protector,DEWALT®,Stanley Black & Decker Inc,,DEWALT® DPG15 FM Hearing Protector,FM HEARING PROTECTOR,20,"Stanley Black & Decker Inc DEWALT, FM Hearing Protector, DPG15",62,"Classpath is empty | no taxonomy match, so the attribute contract and all five descriptions fall back to the generic template"
740,0.685,48-11-2330,48-11-2330 Milw Heated Gear Power Source,Milwaukee®,Milwaukee Electric Tool Corporation,,Milwaukee® 48-11-2330 Gear Power Source,GEAR POWER SOURCE,17,"Milwaukee Electric Tool Corporation Milwaukee, Gear Power Source, 48-11-2330",76,"Classpath is empty | no taxonomy match, so the attribute contract and all five descriptions fall back to the generic template"
743,0.685,3200-20,3200-20 Milw Voltage Detector,Milwaukee®,Milwaukee Electric Tool Corporation,,Milwaukee® 3200-20 Milw Voltage Detector,MILW VOLTAGE DETECTOR,21,"Milwaukee Electric Tool Corporation Milwaukee, Milw Voltage Detector, 3200-20",77,"Classpath is empty | no taxonomy match, so the attribute contract and all five descriptions fall back to the generic template"
797,0.685,XRU15PT1,XRU15PT1 Makita String Trimmer,Makita®,Makita Corporation of America,,Makita® XRU15PT1 Makita String Trimmer,MAKITA STRING TRIMMER,21,"Makita Corporation of America Makita, Makita String Trimmer, XRU15PT1",69,"Classpath is empty | no taxonomy match, so the attribute contract and all five descriptions fall back to the generic template"
799,0.685,0887-20,0887-20 Milw M18 Brushless Precision Blower,Milwaukee®,Milwaukee Electric Tool Corporation,,Milwaukee® 0887-20 Brushless Precision Blower,BRUSHLESS PRECISION BLOWER,26,"Milwaukee Electric Tool Corporation Milwaukee, Brushless Precision Blower",73,"Classpath is empty | no taxonomy match, so the attribute contract and all five descriptions fall back to the generic template"
801,0.685,2954-20,2954-20 Milw M18 Bluetooth Jobsite Speaker,Milwaukee®,Milwaukee Electric Tool Corporation,,Milwaukee® 2954-20 Bluetooth Jobsite Speaker,BLUETOOTH JOBSITE SPEAKER,25,"Milwaukee Electric Tool Corporation Milwaukee, Bluetooth Jobsite Speaker",72,"Classpath is empty | no taxonomy match, so the attribute contract and all five descriptions fall back to the generic template"
802,0.685,2955-20,2955-20 Milw M12 Bluetooth - Jobsite Speaker w/Packout,Milwaukee®,Milwaukee Electric Tool Corporation,,Milwaukee® 2955-20 Jobsite Speaker Packout,JOBSITE SPEAKER PACKOUT,23,"Milwaukee Electric Tool Corporation Milwaukee, Jobsite Speaker Packout, 2955-20",79,"Classpath is empty | no taxonomy match, so the attribute contract and all five descriptions fall back to the generic template"
819,0.685,2541-20,2541-20 Milw M12 - Compact Brad Nailer (Bare),Milwaukee®,Milwaukee Electric Tool Corporation,,Milwaukee® 2541-20 Brad Nailer Bare,BRAD NAILER BARE,16,"Milwaukee Electric Tool Corporation Milwaukee, Brad Nailer Bare, 2541-20",72,"Classpath is empty | no taxonomy match, so the attribute contract and all five descriptions fall back to the generic template"
826,0.685,DZN930,DZN930 Dewalt 30 Degree - Framing Magazine,DEWALT®,Stanley Black & Decker Inc,,DEWALT® DZN930 Degree Framing Magazine,DEGREE FRAMING MAGAZINE,23,"Stanley Black & Decker Inc DEWALT, Degree Framing Magazine, DZN930",66,"Classpath is empty | no taxonomy match, so the attribute contract and all five descriptions fall back to the generic template"
862,0.685,2761-20,"2761-20 Milw M18 1/4"" Hex Hydraulic Driver",Milwaukee®,Milwaukee Electric Tool Corporation,,Milwaukee® 2761-20 Hex Hydraulic Driver,HEX HYDRAULIC DRIVER,20,"Milwaukee Electric Tool Corporation Milwaukee, Hex Hydraulic Driver, 2761-20",76,"Classpath is empty | no taxonomy match, so the attribute contract and all five descriptions fall back to the generic template"
863,0.685,2761-22,2761-22 Milw M18 Surge Kit,Milwaukee®,Milwaukee Electric Tool Corporation,,Milwaukee® 2761-22 Milw Surge,MILW SURGE,10,"Milwaukee Electric Tool Corporation Milwaukee, Milw Surge, 2761-22",66,"Classpath is empty | no taxonomy match, so the attribute contract and all five descriptions fall back to the generic template"
878,0.685,3054-20,"3054-20 Milw M12 1/2"" Ratchet (Bare)",Milwaukee®,Milwaukee Electric Tool Corporation,,Milwaukee® 3054-20 Milw Ratchet Bare,MILW RATCHET BARE,17,"Milwaukee Electric Tool Corporation Milwaukee, Milw Ratchet Bare, 3054-20",73,"Classpath is empty | no taxonomy match, so the attribute contract and all five descriptions fall back to the generic template"
612,0.686,WC1V12W-SG-UPC,WC1V12WSGUPC 1G Cover Wh,Southwire®,Southwire Company LLC,,"Southwire® WC1V12W-SG-UPC WSGUPC Cover White, White",WSGUPC COVER WHT WHT,20,"Southwire Company LLC Southwire, WSGUPC Cover White, WC1V12W-SG-UPC",67,"Classpath is empty | no taxonomy match, so the attribute contract and all five descriptions fall back to the generic template"
753,0.686,DCLE34520GB,DCLE34520GB Dewalt Laser 20V - Cross Line 5 Spot (Bare),DEWALT®,Stanley Black & Decker Inc,,DEWALT® DCLE34520GB Line Spot Bare,LINE SPOT BARE 20V,18,"Stanley Black & Decker Inc DEWALT, Line Spot Bare, DCLE34520GB",62,"Classpath is empty | no taxonomy match, so the attribute contract and all five descriptions fall back to the generic template"
754,0.686,DCLE34031B,DCLE34031B Dewalt Line Laser - 20V Self-Leveling (Bare),DEWALT®,Stanley Black & Decker Inc,,DEWALT® DCLE34031B Laser Self-Leveling Bare,LASER SELF-LEVELING BARE 20V,28,"Stanley Black & Decker Inc DEWALT, Laser Self-Leveling Bare, DCLE34031B",71,"Classpath is empty | no taxonomy match, so the attribute contract and all five descriptions fall back to the generic template"
805,0.686,3033-20,"3033-20 Milw M18 24"" - Hedge Trimmer",Milwaukee®,Milwaukee Electric Tool Corporation,,"Milwaukee® 3033-20 Milw Hedge Trimmer, 24 in Width",MILW HEDGE TRIMMER 24IN,23,"Milwaukee Electric Tool Corporation Milwaukee, Milw Hedge Trimmer, 3033-20",74,"Classpath is empty | no taxonomy match, so the attribute contract and all five descriptions fall back to the generic template"
807,0.686,3034-20,"3034-20 Milw M18 30"" - Hedge Trimmer",Milwaukee®,Milwaukee Electric Tool Corporation,,"Milwaukee® 3034-20 Milw Hedge Trimmer, 30 in Width",MILW HEDGE TRIMMER 30IN,23,"Milwaukee Electric Tool Corporation Milwaukee, Milw Hedge Trimmer, 3034-20",74,"Classpath is empty | no taxonomy match, so the attribute contract and all five descriptions fall back to the generic template"
820,0.686,DCN930B,DCN930B Dewalt 20V 30 Degree - Framing Nailer,DEWALT®,Stanley Black & Decker Inc,,DEWALT® DCN930B Degree Framing Nailer,DEGREE FRAMING NAILER 20V,25,"Stanley Black & Decker Inc DEWALT, Degree Framing Nailer, DCN930B",65,"Classpath is empty | no taxonomy match, so the attribute contract and all five descriptions fall back to the generic template"
821,0.686,DCN930P1,DCN930P1 Dewalt 20V 30 Degree - Framing Nailer Kit,DEWALT®,Stanley Black & Decker Inc,,DEWALT® DCN930P1 Degree Framing Nailer,DEGREE FRAMING NAILER 20V,25,"Stanley Black & Decker Inc DEWALT, Degree Framing Nailer, DCN930P1",66,"Classpath is empty | no taxonomy match, so the attribute contract and all five descriptions fall back to the generic template"
876,0.686,DCF510B,Dewalt DCF510B 20V Rachet - Interchangeable Anvil,DEWALT®,Stanley Black & Decker Inc,,DEWALT® DCF510B Rachet Interchangeable Anvil,RACHET INTERCHANGEABLE ANVIL 20V,32,"Stanley Black & Decker Inc DEWALT, Rachet Interchangeable Anvil, DCF510B",72,"Classpath is empty | no taxonomy match, so the attribute contract and all five descriptions fall back to the generic template"
945,0.686,DCS384B,DCS384B Dewalt 20V Brushless - Cordless Recip Saw (Bare),DEWALT®,Stanley Black & Decker Inc,,DEWALT® DCS384B Reciprocating Saw Bare,RECIP SAW BARE 20V,18,"Stanley Black & Decker Inc DEWALT, Reciprocating Saw Bare, DCS384B",66,"Classpath is empty | no taxonomy match, so the attribute contract and all five descriptions fall back to the generic template"
881,0.686,DCM200B,DCM200B Dewalt 1/2in x 18in - Band File,DEWALT®,Stanley Black & Decker Inc,,"DEWALT® DCM200B In Band File, 1/2 in Width, 18 in Length",IN BAND FILE 1/2IN 18IN,23,"Stanley Black & Decker Inc DEWALT, In Band File, DCM200B, 1/2 in Width",70,"Classpath is empty | no taxonomy match, so the attribute contract and all five descriptions fall back to the generic template"
788,0.686,48-22-9491,48-22-9491 Milw 242pc Ratchet & Socket Set 4-Drawer Tool Box,Milwaukee®,Milwaukee Electric Tool Corporation,,Milwaukee® 48-22-9491 Drawer Tool Box,DRAWER TOOL BOX 242PC,21,"Milwaukee, Drawer Tool Box, 48-22-9491, 242 pc Pack Quantity",60,"Classpath is empty | no taxonomy match, so the attribute contract and all five descriptions fall back to the generic template"
791,0.686,48-22-9483,48-22-9483 Milw Packout 15pc - Metric Wrench Set,Milwaukee®,Milwaukee Electric Tool Corporation,,Milwaukee® 48-22-9483 Metric Wrench Set,METRIC WRENCH SET 15PC,22,"Milwaukee, Metric Wrench Set, 48-22-9483, 15 pc Pack Quantity",61,"Classpath is empty | no taxonomy match, so the attribute contract and all five descriptions fall back to the generic template"
792,0.686,48-22-9484,48-22-9484 Milw Packout 15pc - SAE Wrench Set,Milwaukee®,Milwaukee Electric Tool Corporation,,Milwaukee® 48-22-9484 SAE Wrench Set,SAE WRENCH SET 15PC,19,"Milwaukee Electric Tool Corporation Milwaukee, SAE Wrench Set, 48-22-9484",73,"Classpath is empty | no taxonomy match, so the attribute contract and all five descriptions fall back to the generic template"
793,0.686,48-22-9485,48-22-9485 Milw Packout 30pc - Metric & SAE Wrench Set,Milwaukee®,Milwaukee Electric Tool Corporation,,Milwaukee® 48-22-9485 SAE Wrench Set,SAE WRENCH SET 30PC,19,"Milwaukee Electric Tool Corporation Milwaukee, SAE Wrench Set, 48-22-9485",73,"Classpath is empty | no taxonomy match, so the attribute contract and all five descriptions fall back to the generic template"
859,0.686,191V02-0,191V02-0 Makita #2 Phillips Bit 5pk,Makita®,Makita Corporation of America,,Makita® 191V02-0 Phillips Bit Pk,PHILLIPS BIT PK 5PK,19,"Makita Corporation of America Makita, Phillips Bit Pk, 191V02-0",63,"Classpath is empty | no taxonomy match, so the attribute contract and all five descriptions fall back to the generic template"
922,0.686,49-22-4702,49-22-4702 Milw 13pc Quik-Lock Hole Dozer Kit,Milwaukee®,Milwaukee Electric Tool Corporation,,Milwaukee® 49-22-4702 Quik-Lock Hole Dozer,QUIK-LOCK HOLE DOZER 13PC,25,"Milwaukee, Quik-Lock Hole Dozer, 49-22-4702, 13 pc Pack Quantity",64,"Classpath is empty | no taxonomy match, so the attribute contract and all five descriptions fall back to the generic template"
975,0.686,DWV9401,DWV9401 Dewalt Paper Bag - 5pk,DEWALT®,Stanley Black & Decker Inc,,DEWALT® DWV9401 Paper Bag Pk,PAPER BAG PK 5PK,16,"Stanley Black & Decker Inc DEWALT, Paper Bag Pk, DWV9401, 5 pk Pack Quantity",76,"Classpath is empty | no taxonomy match, so the attribute contract and all five descriptions fall back to the generic template"
737,0.686,M200G-21L,M200G-21L Milw M12 Gray - Heated Hoodie Kit L,Milwaukee®,Milwaukee Electric Tool Corporation,,"Milwaukee® M200G-21L Gray Heated Hoodie, Gray",GRAY HEATED HOODIE GRAY,23,"Milwaukee Electric Tool Corporation Milwaukee, Gray Heated Hoodie, M200G-21L",76,"Classpath is empty | no taxonomy match, so the attribute contract and all five descriptions fall back to the generic template"
738,0.686,M200G-21M,M200G-21M Milw M12 Gray - Heated Hoodie Kit M,Milwaukee®,Milwaukee Electric Tool Corporation,,"Milwaukee® M200G-21M Gray Heated Hoodie, Gray",GRAY HEATED HOODIE GRAY,23,"Milwaukee Electric Tool Corporation Milwaukee, Gray Heated Hoodie, M200G-21M",76,"Classpath is empty | no taxonomy match, so the attribute contract and all five descriptions fall back to the generic template"
739,0.686,M200G-21XL,M200G-21XL Milw M12 Gray - Heated Hoodie Kit XL,Milwaukee®,Milwaukee Electric Tool Corporation,,"Milwaukee® M200G-21XL Heated Hoodie XL, Gray",HEATED HOODIE XL GRAY,21,"Milwaukee Electric Tool Corporation Milwaukee, Heated Hoodie XL, M200G-21XL",75,"Classpath is empty | no taxonomy match, so the attribute contract and all five descriptions fall back to the generic template"
766,0.686,55227,"55227 Amana Countersink/Stop 1/8"" Drill TB",Amana®,Whirlpool Corporation,,"Amana® 55227 Stop Drill TB, 1/8 in Width",STOP DRILL TB 1/8IN,19,"Whirlpool Corporation Amana, Stop Drill TB, 55227, 1/8 in Width",63,"Classpath is empty | no taxonomy match, so the attribute contract and all five descriptions fall back to the generic template"
831,0.687,IBMG90K003,"IBMG90K003 Vessel Impact Ball Torsion Bit Assort 5pc 3.5""",Vessel®,Vessel Industrial Tools Co Ltd,,"Vessel® IBMG90K003 Bit Assort Pc, 3-1/2 in Width",BIT ASSORT PC 3-1/2IN 5PC,25,"Vessel, Bit Assort Pc, IBMG90K003, 3-1/2 in Width, 5 pc Pack Quantity",69,"Classpath is empty | no taxonomy match, so the attribute contract and all five descriptions fall back to the generic template"
832,0.687,IBPH250P15T,"IBPH250P15T Vessel Torsion Bit 2"" 15pc",Vessel®,Vessel Industrial Tools Co Ltd,,"Vessel® IBPH250P15T Torsion Bit Pc, 2 in Width",TORSION BIT PC 2IN 15PC,23,"Vessel, Torsion Bit Pc, IBPH250P15T, 2 in Width, 15 pc Pack Quantity",68,"Classpath is empty | no taxonomy match, so the attribute contract and all five descriptions fall back to the generic template"
672,0.687,K527APBXR,"K527APBXR Senco .131x3"" SM BB - 500CT",Senco®,Kyocera Senco Industrial Tools Inc,,"Senco® K527APBXR SM BB CT, 131 in Width, 3 in Length",SM BB CT 131IN 3IN 500CT,24,"Senco, SM BB CT, K527APBXR, 131 in Width, 3 in Length, 131 in x 3 in",68,"Classpath is empty | no taxonomy match, so the attribute contract and all five descriptions fall back to the generic template"
583,0.687,DCL183,Dewalt DCL183 Light - Rechargeable,DEWALT®,Stanley Black & Decker Inc,,DEWALT® DCL183 DCL Light Rechargeable,DCL LIGHT RECHARGEABLE,22,"Stanley Black & Decker Inc DEWALT, DCL Light Rechargeable, DCL183",65,"Classpath is empty | no taxonomy match, so the attribute contract and all five descriptions fall back to the generic template"
772,0.687,DCF6202,DCF6202 Dewalt Collated Attach,DEWALT®,Stanley Black & Decker Inc,,DEWALT® DCF6202 Dewalt Collated Attach,DEWALT COLLATED ATTACH,22,"Stanley Black & Decker Inc DEWALT, Dewalt Collated Attach, DCF6202",66,"Classpath is empty | no taxonomy match, so the attribute contract and all five descriptions fall back to the generic template"
816,0.687,2909-20,2909-20 Milw Roofing Nailer - M18,Milwaukee®,Milwaukee Electric Tool Corporation,,Milwaukee® 2909-20 Milw Roofing Nailer,MILW ROOFING NAILER,19,"Milwaukee Electric Tool Corporation Milwaukee, Milw Roofing Nailer, 2909-20",75,"Classpath is empty | no taxonomy match, so the attribute contract and all five descriptions fall back to the generic template"
817,0.687,2909-21,2909-21 Milw M18 Coil Roofing - Nailer Kit,Milwaukee®,Milwaukee Electric Tool Corporation,,Milwaukee® 2909-21 Coil Roofing Nailer,COIL ROOFING NAILER,19,"Milwaukee Electric Tool Corporation Milwaukee, Coil Roofing Nailer, 2909-21",75,"Classpath is empty | no taxonomy match, so the attribute contract and all five descriptions fall back to the generic template"
981,0.687,DCK225D2,DCK225D2 Dewalt Impact/Drill - Kit,DEWALT®,Stanley Black & Decker Inc,,DEWALT® DCK225D2 Dewalt Impact Drill,DEWALT IMPACT DRILL,19,"Stanley Black & Decker Inc DEWALT, Dewalt Impact Drill, DCK225D2",64,"Classpath is empty | no taxonomy match, so the attribute contract and all five descriptions fall back to the generic template"
983,0.687,4000-2/32,4000-2/32 DREMEL ROTARY TOOL,Dremel®,Robert Bosch Tool Corporation,,Dremel® 4000-2/32 DREMEL ROTARY TOOL,DREMEL ROTARY TOOL,18,"Robert Bosch Tool Corporation Dremel, DREMEL ROTARY TOOL, 4000-2/32",67,"Classpath is empty | no taxonomy match, so the attribute contract and all five descriptions fall back to the generic template"
984,0.687,3100-1/15,3100-1/15 Dremel Rotary Tool - Kit 15pc,Dremel®,Robert Bosch Tool Corporation,,Dremel® 3100-1/15 Rotary Tool Pc,ROTARY TOOL PC 15PC,19,"Robert Bosch Tool Corporation Dremel, Rotary Tool Pc, 3100-1/15",63,"Classpath is empty | no taxonomy match, so the attribute contract and all five descriptions fall back to the generic template"
748,0.688,DW08302CG,DW08302CG Dewalt Laser - Green 3 Spot,DEWALT®,Stanley Black & Decker Inc,,"DEWALT® DW08302CG Laser Green Spot, Green",LASER GREEN SPOT GREEN,22,"Stanley Black & Decker Inc DEWALT, Laser Green Spot, DW08302CG",62,"Classpath is empty | no taxonomy match, so the attribute contract and all five descriptions fall back to the generic template"
751,0.688,DW088CG,DW088CG Dewalt Laser - Green Cross Line,DEWALT®,Stanley Black & Decker Inc,,"DEWALT® DW088CG Green Cross Line, Green",GREEN CROSS LINE GREEN,22,"Stanley Black & Decker Inc DEWALT, Green Cross Line, DW088CG",60,"Classpath is empty | no taxonomy match, so the attribute contract and all five descriptions fall back to the generic template"
755,0.688,DW0822CG,DW0822CG Dewalt Cross Line - Plumb Spots Laser-Green,DEWALT®,Stanley Black & Decker Inc,,"DEWALT® DW0822CG Plumb Spots Laser-Green, Green",PLUMB SPOTS LASER-GREEN GREEN,29,"Stanley Black & Decker Inc DEWALT, Plumb Spots Laser-Green, DW0822CG",68,"Classpath is empty | no taxonomy match, so the attribute contract and all five descriptions fall back to the generic template"
827,0.688,220USB25U,220USB25U Vessel Screwdriver w/25pc Bit Set,Vessel®,Vessel Industrial Tools Co Ltd,,Vessel® 220USB25U Pc Bit Set,PC BIT SET 25PC,15,"Vessel Industrial Tools Co Ltd Vessel, Pc Bit Set, 220USB25U",60,"Classpath is empty | no taxonomy match, so the attribute contract and all five descriptions fall back to the generic template"
829,0.688,220USBP5U,220USBP5U Vessel Screwdriver Plus w/5pc Bit Set,Vessel®,Vessel Industrial Tools Co Ltd,,Vessel® 220USBP5U Pc Bit Set,PC BIT SET 5PC,14,"Vessel Industrial Tools Co Ltd Vessel, Pc Bit Set, 220USBP5U",60,"Classpath is empty | no taxonomy match, so the attribute contract and all five descriptions fall back to the generic template"
780,0.689,QB22RU,QB22RU Vessel Carrying Bit Holder (Red),Vessel®,Vessel Industrial Tools Co Ltd,,"Vessel® QB22RU Bit Holder Red, Red",BIT HOLDER RED RED,18,"Vessel Industrial Tools Co Ltd Vessel, Bit Holder Red, QB22RU",61,"Classpath is empty | no taxonomy match, so the attribute contract and all five descriptions fall back to the generic template"
781,0.689,QB22KU,QB22KU Vessel Carrying Bit Holder (Black),Vessel®,Vessel Industrial Tools Co Ltd,,"Vessel® QB22KU Bit Holder Black, Black",BIT HOLDER BLK BLK,18,"Vessel Industrial Tools Co Ltd Vessel, Bit Holder Black, QB22KU",63,"Classpath is empty | no taxonomy match, so the attribute contract and all five descriptions fall back to the generic template"
795,0.689,IWHT48441RC,IWHT48441RC Irwin 100ft - Red Chalk & Reel Set,Irwin®,Stanley Black & Decker Inc,,"Irwin® IWHT48441RC Chalk Reel Set, Red, 100 ft Width",CHALK REEL SET RED 100FT,24,"Stanley Black & Decker Inc Irwin, Chalk Reel Set, IWHT48441RC",61,"Classpath is empty | no taxonomy match, so the attribute contract and all five descriptions fall back to the generic template"
588,0.689,WORK6000XLTPPLUG,6000L Twin Head Work Light,Feit Electric®,Feit Electric Company Inc,,Feit Electric® WORK6000XLTPPLUG Head Work Light,HEAD WORK LIGHT,15,"Feit Electric Company Inc Feit Electric, Head Work Light, WORK6000XLTPPLUG",74,"Classpath is empty | no taxonomy match, so the attribute contract and all five descriptions fall back to the generic template"
714,0.689,1046793,1046793 Smoke & CO Alarm,First Alert®,Resideo Technologies Inc,,First Alert® 1046793 Smoke CO Alarm,SMOKE CO ALARM,14,"Resideo Technologies Inc First Alert, Smoke CO Alarm, 1046793",61,"Classpath is empty | no taxonomy match, so the attribute contract and all five descriptions fall back to the generic template"
926,0.832,49-22-5641,49-22-5641 Milw Packout 15pc - Sawzall Blade Kit,Milwaukee®,Milwaukee Electric Tool Corporation,Tools & Equipment>Power Tool Accessories>Reciprocating Saw Blades,Milwaukee® 49-22-5641 Reciprocating Saw Blade,RECIP SAW BLADE 15PC,20,"Milwaukee, Reciprocating Saw Blade, 49-22-5641, 15 pc Pack Quantity",67,classification was near-tied with Saw Blades (margin 0.01)
745,0.834,3203-20,3203-20 Milw Dual Range Voltage Detector w/ LED,Milwaukee®,Milwaukee Electric Tool Corporation,Appliances & Consumer Electronics>Kitchen Appliances>Ranges,Milwaukee® 3203-20 Range,RANGE,5,"Milwaukee Electric Tool Corporation Milwaukee, Range, 3203-20",61,classification was near-tied with LED Lamps (margin 0.04)
752,0.835,DW089CG,DW089CG Dewalt Laser Level - 3 Line 30ft Range,DEWALT®,Stanley Black & Decker Inc,Tools & Equipment>Hand Tools>Layout & Measuring,"DEWALT® DW089CG Measuring Tool, 30 ft Width",MEASURING TOOL 30FT,19,"Stanley Black & Decker Inc DEWALT, Measuring Tool, DW089CG, 30 ft Width",71,classification was near-tied with Ranges (margin 0.01)
99,0.836,543302126,6' Wh Select T-Rail Kit Horiz - w/Sq Composite Balusters,TREX®,Trex Company Inc,Building Materials & Millwork>Decking & Railing>Railing Systems,"TREX® 543302126 Railing, 6 ft Nominal Width, Composite",RAILING 6FT,11,"TREX, Railing, 543302126, 6 ft Nominal Width, Composite, Railing Systems",72,classification was near-tied with Balusters (margin 0.02)
100,0.836,543302146,8' Wh Select T-Rail Kit Horiz - w/Sq Composite Balusters,TREX®,Trex Company Inc,Building Materials & Millwork>Decking & Railing>Railing Systems,"TREX® 543302146 Railing, 8 ft Nominal Width, Composite",RAILING 8FT,11,"TREX, Railing, 543302146, 8 ft Nominal Width, Composite, Railing Systems",72,classification was near-tied with Balusters (margin 0.02)
923,0.838,DJT155HHM,"DJT155HHM Diablo 3-3/5"" 10 TPI - Jig Saw Blade",Diablo®,Freud America Inc,Tools & Equipment>Power Tool Accessories>Reciprocating Saw Blades,"Diablo® DJT155HHM Reciprocating Saw Blade, 3-3/5 in Diameter",RECIP SAW BLADE 3-3/5IN,23,"Freud America Inc Diablo, Reciprocating Saw Blade, DJT155HHM",60,classification was near-tied with Saw Blades (margin 0.00)
238,0.838,ADR5117512AW,1x12-12' American Walnut - Landmark Azek PVC Fascia,TIMBERTECH®,The AZEK Company Inc,Building Materials & Millwork>Decking & Railing>Deck Fascia,"TIMBERTECH® ADR5117512AW Deck Fascia Board, 1 in Nominal Thickness, 12 in Nominal Width, 12 ft Length, PVC",DECK FASCIA BOARD 12IN 12FT,27,"The AZEK Company Inc TIMBERTECH, Deck Fascia Board, ADR5117512AW",64,classification was near-tied with Asphalt Shingles (margin 0.02)
239,0.838,ADR5117512CG,1x12-12' Castle Gate - Landmark Azek PVC Fascia,TIMBERTECH®,The AZEK Company Inc,Building Materials & Millwork>Decking & Railing>Deck Fascia,"TIMBERTECH® ADR5117512CG Deck Fascia Board, 1 in Nominal Thickness, 12 in Nominal Width, 12 ft Length, PVC",DECK FASCIA BOARD 12IN 12FT,27,"The AZEK Company Inc TIMBERTECH, Deck Fascia Board, ADR5117512CG",64,classification was near-tied with Asphalt Shingles (margin 0.02)
240,0.838,ADR5117512FW,1x12-12' French White Oak - Landmark Azek PVC Fascia,TIMBERTECH®,The AZEK Company Inc,Building Materials & Millwork>Decking & Railing>Deck Fascia,"TIMBERTECH® ADR5117512FW Deck Fascia Board, 1 in Nominal Thickness, 12 in Nominal Width, 12 ft Length, PVC",DECK FASCIA BOARD 12IN 12FT,27,"The AZEK Company Inc TIMBERTECH, Deck Fascia Board, ADR5117512FW",64,classification was near-tied with Asphalt Shingles (margin 0.02)
910,0.84,D0760UX,"D0760UX Diablo 7-1/4"" 60T Circ - Saw Blade",Diablo®,Freud America Inc,Tools & Equipment>Power Tool Accessories>Saw Blades,"Diablo® D0760UX Saw Blade, 7-1/4 in Diameter",SAW BLADE 7-1/4IN,17,"Freud America Inc Diablo, Saw Blade, D0760UX, 7-1/4 in Diameter",63,classification was near-tied with Circular Saws (margin 0.06)
285,0.841,543340896,"4x4-37"" Black Alum Post Sleeve Select Alum Railing - w/Cap & Skirt",TREX®,Trex Company Inc,Building Materials & Millwork>Decking & Railing>Posts & Post Caps,"TREX® 543340896 Post, 4 in Nominal Thickness, 4 in Nominal Width, 37 ft Length",POST 4IN 37FT,13,"TREX, Post, 543340896, 4 in Nominal Thickness, 4 in Nominal Width",65,classification was near-tied with Railing Systems (margin 0.08)
286,0.841,543340898,"4x4-43"" Black Alum Post Sleeve Select Alum Railing w/Cap & Skirt",TREX®,Trex Company Inc,Building Materials & Millwork>Decking & Railing>Posts & Post Caps,"TREX® 543340898 Post, 4 in Nominal Thickness, 4 in Nominal Width, 43 ft Length",POST 4IN 43FT,13,"TREX, Post, 543340898, 4 in Nominal Thickness, 4 in Nominal Width",65,classification was near-tied with Railing Systems (margin 0.08)
974,0.842,2847-20,2847-20 Milw M18 Charger and Power Supply,Milwaukee®,Milwaukee Electric Tool Corporation,Electrical & Lighting>Power Supplies>LED Drivers & Power Supplies,Milwaukee® 2847-20 LED Driver,LED DRIVER,10,"Milwaukee, LED Driver, 2847-20, LED Drivers & Power Supplies",60,classification was near-tied with Batteries & Chargers (margin 0.09)
973,0.843,48-59-1211,48-59-1211 Milw Power Supply - Charger,Milwaukee®,Milwaukee Electric Tool Corporation,Electrical & Lighting>Power Supplies>LED Drivers & Power Supplies,Milwaukee® 48-59-1211 LED Driver,LED DRIVER,10,"Milwaukee, LED Driver, 48-59-1211, LED Drivers & Power Supplies",63,classification was near-tied with Batteries & Chargers (margin 0.09)
